date,Straddle,Call Ratio Spread,Calendar Spread,straddle_momentum
2021-01-01,218180.30301070213,19652.437615750532,78673.88473321756,0.0
2021-01-04,213489.30150527688,21671.022828644775,77504.88811187826,0.0
2021-01-05,220281.73451202075,18765.707473970946,76782.5431805683,0.0
2021-01-06,216441.42312842872,19649.762819525036,77251.5898469776,0.0
2021-01-07,214888.02821624244,19966.309391910218,79047.32381919865,0.0
2021-01-08,412208.9201018944,35092.67344574007,149152.3120385903,0.0
2021-01-11,421367.9866006225,35097.18899040956,152776.21327801284,0.0
2021-01-12,433338.83886026195,32086.514846766724,152579.18787418664,0.0
2021-01-13,431645.780347011,31587.77747401453,152464.37739172473,0.0
2021-01-14,423788.98889986606,31906.23286360871,154944.57245704345,0.0
2021-01-15,650714.1696839954,48626.20388280761,230216.13460901976,0.0
2021-01-18,632057.6713179697,56082.438423558466,240279.9970144526,0.0
2021-01-19,614368.7135972466,59354.74271295108,239514.0056012043,0.0
2021-01-20,639116.7905391931,52635.44321693224,231024.08501477752,0.0
2021-01-21,637275.290792655,54061.24468230998,231823.7741550186,0.0
2021-01-22,864964.7937796514,78631.12794398423,293806.70828297164,0.0
2021-01-25,825551.6739668538,88404.8536359508,309417.0981476433,0.0
2021-01-26,809184.5484220544,92235.165948394,309576.5985283108,0.0
2021-01-27,844289.9820812733,109043.45859641617,295823.57676619064,0.0
2021-01-28,875429.03562985,79743.6690668268,302706.0063450486,0.0
2021-01-29,1058105.4068595623,102013.88148513871,385746.3644237331,222337.30294991983
2021-02-01,916926.4712055475,107746.38037850267,408629.2438686888,216006.01300413863
2021-02-02,889258.95386826,116601.73784953817,408013.97520146746,209620.79475201003
2021-02-03,861023.9327174877,118513.58568951156,398737.81302753324,204833.30367286084
2021-02-04,818606.8131681054,113861.39012835134,397513.50969170476,196301.59862098366
2021-02-05,1019249.2982654482,125557.67468344813,466808.1707055125,200585.12310896633
2021-02-08,939393.1478178836,121494.5630343919,468357.29224533564,193775.76895263683
2021-02-09,920944.1678516219,125397.48061406404,461801.66921288153,188436.77615915544
2021-02-10,881075.7141938036,121451.78485252487,441071.61523387703,180334.4966127632
2021-02-11,858097.3563649405,112587.13166640243,447420.25797646225,175554.43530178658
2021-02-12,1045843.0395662723,129607.17666954627,528650.9492331799,178982.06889652018
2021-02-15,893003.5307851204,134156.90994249558,542475.9956504593,182394.8601140746
2021-02-16,885067.5486533078,134272.5389627133,544542.3791060674,181255.24501465203
2021-02-17,872049.9836132121,133375.03423620842,542212.9290632543,177831.7580805072
2021-02-18,856544.153255965,129953.250558187,534604.624024205,175819.70952784747
2021-02-19,1012078.1198766397,139825.73367811347,601421.7920045233,167276.65905638252
2021-02-22,943987.3663034461,149551.11472262169,606792.2910521912,165950.4572028918
2021-02-23,958264.4312946999,142357.70775228846,622723.5782634161,166670.19372031937
2021-02-24,1050084.787545716,140096.18936585783,657387.1948716196,180516.66992955896
2021-02-25,1166909.5254481467,154961.96815795437,631287.5748601715,192834.3119471545
2021-02-26,1501363.4203056118,155265.11669049342,743265.0795808517,434893.8008790639
2021-03-01,1597278.0529927537,118458.30710563714,804405.1635494289,470523.62592370616
2021-03-02,1629474.9938626466,112666.48758930934,829842.6721036314,477399.3058904236
2021-03-03,1595205.2103364067,119660.14699528812,815470.4385991014,473102.8921532476
2021-03-04,1562220.880512314,117568.64172264474,820242.3593135591,465166.10731235344
2021-03-05,1854770.3154573562,135425.2016651167,960145.4024817448,480768.47691258776
2021-03-08,1699954.412739211,140918.03708435412,982599.3252281277,480540.330461315
2021-03-09,1683316.8951447145,142109.35223190082,971190.8098146273,477064.18562441436
2021-03-10,1679659.7640822162,140019.43290420575,968376.420000406,476712.79931640066
2021-03-11,1663080.6835434388,137866.5551166696,941157.9536535587,474812.2071901394
2021-03-12,1852284.5854270915,149381.6604124651,1011468.7556148937,472555.7634912754
2021-03-15,1670431.6316406154,150966.6372621005,1008198.4934477449,469308.20349990425
2021-03-16,1660431.5247904027,152426.0620502781,992140.6865333995,467421.39122363814
2021-03-17,1644647.6554770002,154567.727093762,980537.9634801743,465266.9703175212
2021-03-18,1580718.6667888158,152177.08894867531,926659.0279259542,463362.23692075943
2021-03-19,1775542.7240347043,166948.54205817802,1017856.1097875017,459062.0171320084
2021-03-22,1632282.1997314868,168170.90223169525,1013032.8967543218,460026.89076193556
2021-03-23,1641679.58266217,185092.2748242278,980794.6669657982,456891.9057439725
2021-03-24,1708745.5112233493,167633.51468112704,1036049.178763438,465195.2127889845
2021-03-25,1672546.922891459,168325.06059280664,1023415.3621419495,457693.1799244948
2021-03-26,1871142.1734084163,178529.30461479927,1100482.6070328758,458396.145909873
2021-03-29,1482338.1435400837,181082.9416380581,1115038.0107504723,63882.303511615144
2021-03-30,1479313.4214418917,185434.87313430852,1108833.0275047016,63882.303511615144
2021-03-31,1475873.8083545654,184236.12033404713,1088540.932556163,63882.303511615144
2021-04-01,1414611.0368309515,175334.49165900817,1072683.9889239932,63882.303511615144
2021-04-02,1587930.8996339557,193509.7080838996,1143465.4260744022,63882.303511615144
2021-04-05,1426718.4840548497,202437.21686614447,1129846.7482924243,63882.303511615144
2021-04-06,1384474.4412575234,203144.88589780362,1103759.2844162325,63882.303511615144
2021-04-07,1384452.683109693,205736.81514357775,1098047.307501379,63882.303511615144
2021-04-08,1320865.6227674684,197781.31255125385,1093650.2919508894,63882.303511615144
2021-04-09,1457033.5441245805,213652.68733089752,1146091.397617915,252085.60854130698
2021-04-12,1390502.0615154894,191636.07946960605,1150436.0819155253,244963.09119260014
2021-04-13,1360555.1902311882,198604.78853737266,1109113.4356372126,236052.56161858083
2021-04-14,1421220.7843986047,201277.66970181267,1129472.82807834,247994.7311765092
2021-04-15,1409331.9318715504,194036.51820925527,1142847.2780520506,247833.96452099946
2021-04-16,1543799.0687793407,207118.05975579232,1197433.9926793706,239610.9997169348
2021-04-19,1378938.5868007212,214244.16239155986,1193235.5234207418,240451.73378599202
2021-04-20,1414220.3949417928,223695.59951754264,1178344.0594540057,243386.29639601122
2021-04-21,1399752.8565236113,222465.83238777745,1188343.4950253367,241814.79391977636
2021-04-22,1356209.7020783115,212347.33891498257,1183843.2892876263,236153.83933341302
2021-04-23,1501176.556448973,227194.1981990175,1248692.4008037222,229671.90346234964
2021-04-26,1383123.9417905726,229625.97915332695,1239794.381803889,221729.48487617724
2021-04-27,1357773.6194096366,227889.07413163036,1221422.3672414059,216638.93630152004
2021-04-28,1422782.9605829297,240789.54882143228,1247008.5848071496,227288.99984725125
2021-04-29,1408005.1677609112,236795.42541471965,1237606.5314848395,228072.76655523718
2021-04-30,1562353.3803559425,250553.09243798305,1305904.3560310393,223045.6681223831
2021-05-03,1495833.3700117385,250765.16519105723,1305301.1714002495,223648.41101481055
2021-05-04,1497452.262094622,254557.34552694307,1304421.511784699,224075.6576589563
2021-05-05,1457362.1290195405,254538.33383790922,1295256.5432046114,212439.83486949428
2021-05-06,1428412.9036618343,250366.81518171536,1284717.570607955,199650.46486713688
2021-05-07,1570929.0739014398,264822.48431757273,1358995.3312240173,194857.68242463586
2021-05-10,1474751.300174829,273400.2023307839,1343235.6998710164,113122.36907788884
2021-05-11,1491740.4617876324,275682.5832374696,1359389.8079434952,113122.36907788884
2021-05-12,1469333.1902654162,289037.1667042108,1337178.6212117595,113122.36907788884
2021-05-13,1464874.9657946494,286316.2566466215,1370272.5525268079,113122.36907788884
2021-05-14,1728100.757136011,275937.6103997411,1471659.6120943879,113122.36907788884
2021-05-17,1679497.2986356022,282391.6637032692,1460647.5996779546,113122.36907788884
2021-05-18,1663700.8005381858,288448.7631015501,1446922.4614083979,113122.36907788884
2021-05-19,1731340.0681585427,290695.0474449079,1458967.8790298759,113122.36907788884
2021-05-20,1708969.0846926814,328129.6812496716,1451200.0940570899,113122.36907788884
2021-05-21,1927234.0610334363,366023.65336324315,1514337.3972925602,318797.2838720547
2021-05-24,1787104.3825838007,247830.5784673232,1655036.4938601186,317823.0943753723
2021-05-25,1779264.4058277744,258050.6845054231,1628545.3864186928,313370.2022373088
2021-05-26,1751715.4514707855,290551.51561028045,1569180.6902428742,298365.9684464428
2021-05-27,1742897.1974992226,321383.10243211384,1566663.1736794945,298056.3735424995
2021-05-28,1916748.1384826521,369324.6795390842,1593361.0343286938,478595.3669743368
2021-05-31,1728073.3093503865,220967.05770326804,1781801.4740206483,477180.01767318393
2021-06-01,1727109.5405682505,221998.24508194643,1762369.24448012,475673.04452978226
2021-06-02,1708502.2103866565,231308.69712339967,1732122.239989342,466429.7420115492
2021-06-03,1690497.9087997768,259901.47474627572,1697830.8703134828,451576.64440855663
2021-06-04,1882797.470607372,258672.34748998037,1781930.9906485616,469260.48510609387
2021-06-07,1797161.5524945655,197705.96895953137,1828092.8138833153,457687.0267025997
2021-06-08,1787700.4272046282,197091.60966586875,1811504.3918017084,453639.2054465369
2021-06-09,1759338.157255766,200038.54904604985,1761010.9520380122,436790.7717095639
2021-06-10,1739831.8167678986,205658.5965839676,1739874.8459634867,434612.46718204004
2021-06-11,1881206.3970297717,230064.6613470335,1760311.7702326248,419131.55712541443
2021-06-14,1765375.5313068405,148401.19349601504,1799374.450875108,406382.8737454469
2021-06-15,1735542.4433726568,149995.90621332498,1741816.210311813,397479.17823384027
2021-06-16,1809787.2186175133,165792.02672982283,1805778.9599362144,430079.841065814
2021-06-17,1780565.299214539,154263.9956420328,1795360.3187730461,401688.8267336337
2021-06-18,2062107.0303780986,206799.11036736512,1881107.5860874488,645776.3603462046
2021-06-21,2054437.5146479337,182592.9488866993,1903269.129467871,641760.5809326418
2021-06-22,2038340.0552486298,175886.2778261265,1894585.2440888998,631713.3591609364
2021-06-23,2033040.710068926,176590.2169010076,1878318.8700449206,629363.5781546228
2021-06-24,2021322.3088496777,171437.3477472511,1850665.4429345953,621439.2454858903
2021-06-25,2157050.9166960935,180063.96734261996,1914038.4174785737,609019.8447861312
2021-06-28,2083568.1439079968,195820.8598617369,1882910.618509191,551207.3846834186
2021-06-29,2071337.0113674991,202930.05048652316,1858946.3057941326,544243.218346773
2021-06-30,2038462.4208423095,225689.4747098957,1828690.7330557972,533010.9984787139
2021-07-01,2024570.6401105472,245057.8998509016,1654008.7742467734,528621.3309729961
2021-07-02,2167436.6138243256,262688.56886935333,1704996.5783261778,685686.02818062
2021-07-05,2104791.263176703,200969.435874751,1757986.2791178552,683878.916928897
2021-07-06,2235069.835282867,191519.80388632702,1825552.305600848,738916.8801292671
2021-07-07,2213636.328222639,201235.6650109442,1816199.9688912649,724737.0054297085
2021-07-08,2305216.3007891215,113982.19844846254,1580246.205714394,798151.7582123219
2021-07-09,2515614.8333305833,69497.2224938248,1664938.0328703844,1003456.6769309195
2021-07-12,2285091.773276536,-42768.73702305165,1847279.1096486573,974879.5836393075
2021-07-13,2288967.6531083114,-31250.48485156476,1836461.8349974528,977366.7734371413
2021-07-14,2281502.208734812,-23040.667899222157,1828399.1931369537,971052.444405452
2021-07-15,2333039.7516224682,-22565.00605670159,1453399.7154073934,1017115.3244330591
2021-07-16,2503231.42093172,22174.173525734397,1513491.7968772494,1188377.5432032607
2021-07-19,2269660.96373997,-169166.31897600007,1808394.6712928256,954965.2268320362
2021-07-20,2284059.9718274465,-187520.13145236188,1817403.2807789426,969559.6930987067
2021-07-21,2336599.740742997,-262257.6702795963,1859502.1947343084,1022145.9885616782
2021-07-22,2368726.8353334335,-287450.9628347277,1542771.4917070796,1054542.7540422182
2021-07-23,2554387.5586111424,-242792.23936462533,1598500.6619994678,1240414.795752742
2021-07-26,2273615.9798752796,-270528.743446014,1870858.0543444597,1230885.5160955496
2021-07-27,2284161.945773357,-261207.79944432757,1874486.9880095278,1241431.4819936268
2021-07-28,2296787.997098535,-276898.51920663356,1885270.179233398,1254057.5333188046
2021-07-29,2296217.7510357318,-264300.90407998767,1523573.7992354473,1253487.2872560015
2021-07-30,2506208.9652897604,-241380.62666503494,1584373.3130210852,1463478.50151003
2021-08-02,2185930.7052540598,-254376.3315831152,1835879.521371558,1143200.2414743295
2021-08-03,2165365.797794686,-240307.68086985682,1830276.6863640225,1122635.3340149557
2021-08-04,2133612.114090739,-227557.12675208508,1816754.0295398172,1090881.6503110086
2021-08-05,2118868.0630750777,-213355.16616740637,1404174.933162062,1076137.5992953472
2021-08-06,2277704.4768030886,-176701.57212342508,1470623.2650012253,1234974.0130233583
2021-08-09,2056431.4711546432,-305676.4899300721,1669646.7165368132,1013701.0073749131
2021-08-10,2052538.6578506608,-313170.1792720521,1660746.9860925877,1009808.1940709306
2021-08-11,2074484.5033322782,-314619.8406228123,1663865.585904823,1031754.0395525479
2021-08-12,2042353.0311128977,-321752.766955809,1263929.7145123142,999622.5673331672
2021-08-13,2195392.195457498,-304271.69186933455,1334930.0331555922,976525.951490558
2021-08-16,2100608.316321992,-304301.8214517402,1323800.8636610168,890271.1086189689
2021-08-17,2082698.0751620948,-299986.786449108,1301067.5257145497,877816.9102974817
2021-08-18,2062438.3277931346,-299656.9366213833,1305748.7708070863,860655.363522222
2021-08-19,2239873.616359211,-267089.5274747646,968453.9742459619,1006869.8768224793
2021-08-20,2409977.7718228167,-233745.74915651564,1047849.5791503905,1178897.3313220073
2021-08-23,2431292.54012549,-291162.17600164056,1088073.8697989276,1192351.2842379021
2021-08-24,2506482.390841706,-291385.7433065527,1102881.8423010712,1253544.180762776
2021-08-25,2483385.9449029965,-292000.8951390289,1088496.3694421102,1235569.414939913
2021-08-26,2459300.652395679,-295213.3557353567,916041.2939830886,1217418.358656554
2021-08-27,2740099.9926795624,-253616.1699783229,1055524.5733151562,1286550.4760122763
2021-08-30,2518080.04018017,-251506.9120864547,1064486.8898695062,1062690.765648178
2021-08-31,2503455.7330371086,-252702.579302693,1046832.3593970996,1058189.529601263
2021-09-01,2482044.4153457223,-252053.60931468813,1016624.1180292025,1051521.1885844942
2021-09-02,2475055.5499956594,-254051.60378706647,874348.366303903,1048277.9137398275
2021-09-03,2641182.9265964897,-234285.80287213397,931627.5126356195,1046289.3926835128
2021-09-06,2432679.6137078153,-235986.4425782998,909340.157661437,857333.9149485847
2021-09-07,2422139.1072706473,-235067.9263618629,896773.0064238242,855706.353686319
2021-09-08,2414710.874831779,-230457.65910270019,877700.7986092498,854091.1796780883
2021-09-09,2407921.573922734,-236522.32427037955,743844.1115708966,854348.839798673
2021-09-10,2567048.908669808,-224040.5205811452,794084.3786489004,853825.5947948823
2021-09-13,2388653.933768576,-223781.46440000652,806425.0120316566,854486.9018282682
2021-09-14,2382739.2394731482,-222696.574375062,792413.3883955518,854530.2138622255
2021-09-15,2417718.3163538203,-217767.0726396564,838309.2033950753,855002.4109021067
2021-09-16,2420187.2832551287,-217090.37741950701,808186.3199985859,855055.5641575445
2021-09-17,2597110.173560937,-197892.01731183915,879705.8197248146,855147.0659291222
2021-09-20,2279085.97414351,-193495.6669741839,886749.0028314814,538933.2333698904
2021-09-21,2312823.4204198085,-193818.98230258335,915515.2249181345,538933.2333698904
2021-09-22,2342421.6388463965,-191712.12720711218,942142.0426938393,538933.2333698904
2021-09-23,2336888.0567527316,-192076.82525131863,933502.8706645734,538933.2333698904
2021-09-24,2506949.1291494565,-172672.6217653904,1001175.9402714757,538933.2333698904
2021-09-27,2262208.0818469776,-173578.78302665372,992640.3077367536,538933.2333698904
2021-09-28,2268251.569014757,-171365.9284501876,975344.2306434197,538933.2333698904
2021-09-29,2260654.232307127,-168067.15844057204,956299.640692137,538933.2333698904
2021-09-30,2281639.75881241,-172354.0955854081,981389.5162053744,538933.2333698904
2021-10-01,2568560.8688623137,-153688.99785143568,1104554.4688563808,538933.2333698904
2021-10-04,2228432.6886337083,-153961.12039524765,1104012.3962496514,538933.2333698904
2021-10-05,2248948.0627821092,-153847.98064137282,1132434.066992477,538933.2333698904
2021-10-06,2246109.008037496,-153799.0999976796,1130987.430304363,538933.2333698904
2021-10-07,2239541.645678478,-154351.93691603566,1126560.0429029695,538933.2333698904
2021-10-08,2425574.8428042755,-136025.30059163974,1196203.7624836105,538933.2333698904
2021-10-11,2065319.291842529,-133353.85581308394,1190900.8417407214,538933.2333698904
2021-10-12,2084972.949139052,-133555.29206279444,1201769.2042665563,538933.2333698904
2021-10-13,2072978.9009126048,-133780.2610517342,1201374.6111032036,538933.2333698904
2021-10-14,2086640.7467704366,-133721.54723914416,1212731.3974348952,538933.2333698904
2021-10-15,2263523.6804489936,-116837.67747515572,1280707.458977879,538933.2333698904
2021-10-18,1800919.529518917,-116795.37358945492,1285213.8439491447,538933.2333698904
2021-10-19,1808089.8637774535,-117348.20212974423,1288740.0299034957,538933.2333698904
2021-10-20,1812240.8895619195,-116869.55884571528,1286908.820031001,538933.2333698904
2021-10-21,1805215.9770552092,-115444.73910344356,1274876.6281517807,538933.2333698904
2021-10-22,1972678.3246331327,-96377.4474266091,1339651.981156978,538933.2333698904
2021-10-25,1595357.9462958877,-98410.20036193436,1347213.949883325,538933.2333698904
2021-10-26,1583348.4358445865,-98440.84716616654,1346225.611031914,538933.2333698904
2021-10-27,1589468.0715699287,-91996.81578459806,1326081.7578999568,538933.2333698904
2021-10-28,1596371.0281756057,-93511.19344219084,1324715.375242249,538933.2333698904
2021-10-29,1751164.7543409085,-74235.69227766461,1392942.8626789798,538933.2333698904
2021-11-01,1473779.5855678003,-71229.36721666346,1397086.0361561156,538933.2333698904
2021-11-02,1558285.3087536641,-56556.22374768109,1366001.5801615936,538933.2333698904
2021-11-03,1541691.9093360447,-43961.38217838163,1350139.0773578272,538933.2333698904
2021-11-04,1494489.9794855323,-35258.113786633985,1350620.1514515348,538933.2333698904
2021-11-05,1636756.8999730307,-5467.125287538336,1424299.0478498957,715354.50366105
2021-11-08,1598206.007410201,188.60685974640728,1414495.9509897395,715210.720232898
2021-11-09,1582493.0760112035,11277.2740791473,1406112.9859074436,710880.3646072377
2021-11-10,1597210.9180558352,26082.897901676388,1378803.77958752,710028.3149262207
2021-11-11,1589937.3862157792,39584.67570818965,1384118.1575160157,705657.378673252
2021-11-12,1760023.3136810514,97929.27975574581,1442613.9577180066,880129.735847798
2021-11-15,1629764.137262227,-38234.38227312619,1576338.368701609,882222.0646579219
2021-11-16,1624714.255066693,-34398.80370724079,1571468.156104927,882420.1681230618
2021-11-17,1598724.9831532275,-14087.664756211765,1542526.9567519336,863992.8521937403
2021-11-18,1672150.3664624596,-104324.21829721422,1576261.6532933603,913692.3362525684
2021-11-19,1860629.9953858284,-81427.49690211192,1641973.3300685533,1102992.2705974374
2021-11-22,1553436.0438576373,-120538.32909835185,1928427.343668903,1088664.1411634698
2021-11-23,1560741.2756605465,-126187.19367886007,1937256.116880737,1096311.7396761065
2021-11-24,1549760.314493255,-114028.83299893228,1918147.85264509,1085552.7602912965
2021-11-25,1520434.4296712335,-94791.11348793682,1889414.6718083827,1056507.6235758937
2021-11-26,1924723.8738860192,-282898.96054478025,2176926.9291187236,1461078.7114090999
2021-11-29,1534772.5010429895,-233118.04592574932,2678577.442661939,1488988.5530818945
2021-11-30,1554278.8861443864,-247090.0550831653,2689533.5750803635,1508494.9381832913
2021-12-01,1526010.706384585,-213445.55383795715,2657955.1065990715,1480226.75842349
2021-12-02,1524526.7077101185,-217789.56238733718,2640582.43569633,1478742.7597490235
2021-12-03,1773410.534398328,-199258.93452026905,2709259.9614749756,1727626.586437233
2021-12-06,1481613.3677509131,-239551.3307384189,3111298.55181938,1435829.419789818
2021-12-07,1509465.0485973705,-259054.72265321465,3107889.03068651,1463681.1006362755
2021-12-08,1562388.6619836853,-290120.46577370836,3156893.233478683,1516604.7140225903
2021-12-09,1588938.1811175873,-295389.4979449094,3161557.952558941,1543154.2331564922
2021-12-10,1788610.5281420269,-220817.53237073857,3207372.936539854,1742826.5801809318
2021-12-13,1519354.7801446253,-333581.682932263,3463442.0848623044,1473570.8321835306
2021-12-14,1513092.7179215536,-319456.8302610972,3451437.4471529494,1467308.7699604589
2021-12-15,1569184.0160476253,-353888.49202171696,3486932.7574636457,1523400.0680865305
2021-12-16,1498451.441425159,-330739.4151268797,3456386.619543827,1452667.4934640643
2021-12-17,1668155.7658897056,-291722.46625540964,3527661.708955336,1407613.255223271
2021-12-20,1483387.7444241787,-412672.64561111294,3659182.426910436,1228439.776993769
2021-12-21,1587290.76045916,-413037.5676957425,3702481.313963024,1306671.3104194459
2021-12-22,1576023.0206294497,-411544.3826631572,3689127.038026245,1298828.5871290227
2021-12-23,1604736.3582603028,-406236.93988206907,3739423.039023537,1316046.8043409698
2021-12-24,1800377.2617020707,-391939.9911885168,3790969.053519682,1307032.2599047783
2021-12-27,1531090.6925041438,-391578.71518445003,3776167.2419879236,1045854.4129402976
2021-12-28,1557900.9512288256,-390126.9554970577,3802599.762709318,1055607.7855916158
2021-12-29,1540370.9024987833,-390762.5157353439,3769106.044622454,1050698.5037160548
2021-12-30,1517569.926104646,-391582.1470513307,3727787.0086332103,1046307.1426761609
2021-12-31,1692259.6365351118,-372211.39258080703,3774131.8817488207,1033895.7689052485
2022-01-03,1284487.8608062146,-372586.0543996837,3751012.988958019,654796.4362341948
2022-01-04,1269585.056005704,-372381.77945145295,3726543.298970332,652795.9645009096
2022-01-05,1228416.379621797,-369747.89380068524,3691494.6423142976,645640.4896629036
2022-01-06,1205519.5069220252,-368585.6036751824,3525217.9714399455,639870.6407114824
2022-01-07,1369017.7152021697,-361038.388789675,3602990.9591007293,629945.9175872443
2022-01-10,1219195.5157247032,-356171.67381500034,3593433.665853334,522886.6452109727
2022-01-11,1253109.817565883,-357183.6723375592,3599197.4847445325,522886.6452109727
2022-01-12,1276956.317515441,-350643.70034803,3612348.5438723415,522886.6452109727
2022-01-13,1272920.6362065608,-348330.23893946025,3401590.394807155,522886.6452109727
2022-01-14,1430170.7238702544,-332322.3323818104,3470015.2668234534,522886.6452109727
2022-01-17,1211854.3893291878,-333097.5330625536,3472563.9053363646,522886.6452109727
2022-01-18,1182857.6440040073,-335509.39286296413,3457374.164883753,522886.6452109727
2022-01-19,1191028.9103675294,-332892.3576293805,3457004.218216405,522886.6452109727
2022-01-20,1146520.04257098,-335535.232807695,3197849.741707688,522886.6452109727
2022-01-21,1463857.4898427697,-284355.03831446334,3280048.052946491,716191.7563347012
2022-01-24,1369001.237397315,-401541.9738121623,3460298.781892113,725466.9738291327
2022-01-25,1390245.050211038,-425153.6658874,3486560.858839482,734805.5079374505
2022-01-26,1378027.2144343986,-429403.72788471205,3474029.2244477095,734197.7705224259
2022-01-27,1453455.336385779,-430572.8773360911,3328883.00103128,747809.633031844
2022-01-28,1625032.2204069886,-421583.509476387,3411188.7943242164,746072.9436655437
2022-01-31,1505418.3766825935,-422953.4479289444,3384645.234238666,729948.8553624996
2022-02-01,1517556.0904365128,-422007.935356436,3390177.4762586625,733484.8698842478
2022-02-02,1504532.7685609232,-421261.4420821174,3377403.4273550827,730959.6569984959
2022-02-03,1485592.8681660686,-423113.63851618057,3313370.6119449874,726927.7096663037
2022-02-04,1731867.9778011355,-387589.776868372,3401993.577937543,944736.3451042023
2022-02-07,1692253.4860102846,-397282.6809422311,3438974.541859321,940323.3813099384
2022-02-08,1661199.2387759571,-383750.9822351355,3408222.1669620387,923982.8576006616
2022-02-09,1628720.4892904111,-377085.93572079676,3367380.5043276916,904120.0921758515
2022-02-10,1588079.5987341036,-368883.4476672776,3260849.1689200164,886463.1601671248
2022-02-11,1781625.621724504,-350688.6671994402,3344064.5954613863,1097430.499142957
2022-02-14,1732907.0895944368,-399791.0705323057,3444547.6108900593,1102506.9543019696
2022-02-15,1693468.270067972,-378504.06006717647,3393772.707666489,1071823.9676283554
2022-02-16,1661295.8582863072,-371022.7594125189,3353095.997300563,1046288.4965912504
2022-02-17,1647576.0617468972,-364621.90845631954,3296274.5865468476,1033192.850957451
2022-02-18,1838691.9082481402,-320921.28737680614,3352560.1798915626,1228098.5441955552
2022-02-21,1723831.7247080184,-366191.60342427884,3413165.0577571467,1117631.4909747806
2022-02-22,1807078.8853687774,-422622.355251434,3480196.9910089965,1186176.2739176361
2022-02-23,1795670.4581393728,-420972.28416257224,3459297.739629331,1177730.6721603905
2022-02-24,1797228.2313611484,-423494.3050341034,3470100.0508982334,1182507.3057453167
2022-02-25,2032516.8316510993,-400882.2177634007,3562446.1782036913,1209160.0848988437
2022-02-28,1947329.3912861135,-392871.75130876125,3614309.9748676815,1235503.1899266094
2022-03-01,1948152.23940928,-393378.86859193037,3624336.6496344036,1235628.9826038997
2022-03-02,1963422.5039883768,-394243.97981354437,3647269.86322868,1244481.0763880368
2022-03-03,1945117.4711504194,-394551.2460769917,3618811.4104893114,1235737.8618924997
2022-03-04,2194398.8580641486,-368902.37846273056,3766402.5631567915,1247600.2823295598
2022-03-07,1946733.2658613871,-370048.1637332826,3778971.5711107827,994430.9764091207
2022-03-08,1938131.8732840556,-369243.401379418,3779421.3225827673,991237.9643825671
2022-03-09,1924187.2526883392,-360757.350431116,3723946.611959691,988253.7297696493
2022-03-10,1917547.1360185095,-362999.54110747617,3740139.307212786,987844.7141297287
2022-03-11,2132171.9055711357,-345166.88396588695,3812055.9709571176,976644.8304831544
2022-03-14,1933476.2214398338,-328858.72805288434,3771401.927109855,800920.8234407678
2022-03-15,1925122.97336443,-327882.6755970311,3774854.2038652706,799652.4615582307
2022-03-16,1904990.4607167826,-325057.9774121333,3741540.522144587,801389.3360372748
2022-03-17,1896297.6311120624,-328353.6355943152,3721839.775560184,800842.1459317761
2022-03-18,2166093.2021006886,-297420.64431380783,3831147.574733031,801383.9567470546
2022-03-21,1603293.8478428188,-297716.44124704576,3829879.967392312,247226.8272358257
2022-03-22,1579460.961161406,-298651.8582229889,3810035.275547858,247226.8272358257
2022-03-23,1623447.0724500623,-294764.31358619314,3826006.1528905397,247226.8272358257
2022-03-24,1632551.7025135779,-293500.1346101826,3838416.149633156,247226.8272358257
2022-03-25,1854390.8983566393,-268952.23711682623,3924331.0210866337,247226.8272358257
2022-03-28,1475281.348805188,-263642.1994485964,3925229.5699968603,247226.8272358257
2022-03-29,1460439.1164296546,-258480.30307948188,3894167.8677874836,247226.8272358257
2022-03-30,1483350.4379838987,-260475.29681939253,3901156.815236073,247226.8272358257
2022-03-31,1593077.0937932637,-267063.76983241097,3912797.1848734044,247226.8272358257
2022-04-01,1816272.079929702,-253045.02192131648,3994794.8622188773,247226.8272358257
2022-04-04,1623629.2706194548,-262676.26675236766,4015375.4311477216,247226.8272358257
2022-04-05,1624049.240329563,-263271.7922076934,4009360.7998593906,247226.8272358257
2022-04-06,1618803.5489557385,-259146.18038160837,3993408.712979699,247226.8272358257
2022-04-07,1585065.2098336278,-258043.5111228476,3991709.7274745842,247226.8272358257
2022-04-08,1864540.1180508728,-248391.49545673898,4089000.807798247,247226.8272358257
2022-04-11,1667107.5672293226,-221881.8731641957,4059825.0899754995,247226.8272358257
2022-04-12,1727452.6026016783,-237925.1753310889,4076341.3159632273,247226.8272358257
2022-04-13,1744975.7576095327,-242660.55916976454,4086903.2993388367,247226.8272358257
2022-04-14,1707844.0133206348,-246196.9083511904,4090198.6726529775,247226.8272358257
2022-04-15,1894409.4930319733,-221020.15925647883,4167263.189120337,247226.8272358257
2022-04-18,1775236.5071605057,-213776.1347690624,4150226.4718397786,247226.8272358257
2022-04-19,1756387.3179654689,-211198.7254032755,4148388.9275617213,247226.8272358257
2022-04-20,1724940.2772528112,-194862.26439113903,4145506.11794513,247226.8272358257
2022-04-21,1729846.969858151,-178376.6662823792,4130788.6103382995,247226.8272358257
2022-04-22,1933282.8808090263,-145343.96636266643,4186075.5960308113,455515.05649534956
2022-04-25,1684693.6861910373,-256705.76404891725,4501327.702805894,468031.10232313385
2022-04-26,1708153.854923605,-268185.13181780995,4496483.801853036,475264.4063571452
2022-04-27,1697806.139513761,-252286.57425019384,4502093.859720209,471939.43621209124
2022-04-28,1694719.5428997984,-230317.58707031037,4504663.238727799,472245.63142080087
2022-04-29,1914060.582426424,-166716.48479758203,4545415.014505628,696915.9030468275
2022-05-02,1660704.2174065267,-287224.8375032234,4819657.8754338,701240.0437575667
2022-05-03,1662553.1375435384,-295440.55153093056,4818671.132293829,703965.4082710792
2022-05-04,1656805.497454376,-298890.856261242,4832448.094006931,700452.411797927
2022-05-05,1749730.710067016,-391761.0033702092,4943629.521064437,777313.2314135236
2022-05-06,2009054.4620942245,-359946.93966486346,5006306.150207282,1038183.418843594
2022-05-09,1373577.5560710435,-77155.90180327598,5930398.235183658,1141506.1615856148
2022-05-10,1376717.0935659986,-75692.41528993125,5933148.801566188,1145115.260830709
2022-05-11,1352942.2664748938,-49771.60535238555,5898396.234855948,1121633.467966217
2022-05-12,1365051.8796850524,-64592.70442229245,5764387.530398517,1134097.349622833
2022-05-13,1651013.6726601943,-29561.7336598294,5834917.663820583,1420451.714881198
2022-05-16,960818.2588091558,278130.74793178134,6470630.25328049,1384917.7344028638
2022-05-17,937529.7810194717,294805.47397769784,6440757.853670779,1361629.2566131796
2022-05-18,979800.0372595114,267129.9627001706,6481827.575306954,1403899.5128532192
2022-05-19,1002516.678410016,227199.8299914308,6444025.376457946,1426616.1540037238
2022-05-20,1253352.4979373876,302924.26366088283,6520857.223492183,1677451.9735310953
2022-05-23,652058.2669833788,501252.4869732332,7060790.931679052,1076157.7425770867
2022-05-24,624519.2796644764,520264.4144243079,7044122.589522893,1048618.7552581842
2022-05-25,606464.6347750496,527932.8292115199,7034355.653132715,1030564.1103687574
2022-05-26,564589.0736531666,579405.7029765815,6753320.67758639,988688.5492468744
2022-05-27,814519.110917455,591551.3489780142,6816386.6711762315,994845.0116401179
2022-05-30,530394.1249067069,412710.93920383847,7038091.655088285,722639.127709178
2022-05-31,555429.0076963423,410815.44298384356,7022834.7798575945,743733.4941399752
2022-06-01,511167.0112093657,411818.7306046708,6994162.946244264,713653.864120368
2022-06-02,482502.00795817556,405252.7730438785,6767018.342938717,687902.8239085198
2022-06-03,663814.152706703,418590.73957870225,6848402.47787344,657412.2940730057
2022-06-06,617349.805147808,364953.7622557344,6889105.403119391,609269.5023108913
2022-06-07,614195.0346206555,370476.0876605414,6886095.932829364,610757.8467073417
2022-06-08,571365.6413224189,369267.2641375502,6886845.572635198,586867.2165829898
2022-06-09,521640.4518243635,364748.471266575,6555852.072064244,551347.4177541775
2022-06-10,682440.816511046,374679.5324548994,6657049.37154554,732508.0260112995
2022-06-13,681230.829201136,275367.6061586824,6787670.770360857,694846.8147694464
2022-06-14,768124.9587586903,255388.96168349532,6767866.222634146,746973.428858253
2022-06-15,744040.4967877008,280675.7488935657,6754345.455313795,730327.9710195308
2022-06-16,780966.7381759523,266203.7574194586,5970340.809833462,750805.8101771849
2022-06-17,1021944.9271140697,329951.50264838594,6045665.968063885,997643.7244622713
2022-06-20,932086.9641557932,186307.67065319387,6164280.343426484,904038.9246801808
2022-06-21,933295.8671409534,173394.9823180667,6145073.151602527,899441.2696721618
2022-06-22,951279.7851286255,165693.29531147343,6141155.117821086,902617.7365649313
2022-06-23,927087.0518698479,237317.4508404248,5136067.248838862,884282.4605951936
2022-06-24,1179756.5429293043,253466.4378007544,5218595.843028408,1139349.78355767
2022-06-27,953516.8686388694,82652.45196914423,5393225.729278445,1110906.9567005811
2022-06-28,934908.2335209667,93027.83310843137,5384001.62924003,1094364.9189005755
2022-06-29,933039.2152019453,89372.16351386192,5381202.366646681,1092155.8289384968
2022-06-30,904153.7927785789,133108.66691387378,4731707.787987403,1069225.5414287136
2022-07-01,1123163.9591272902,176876.61012893647,4823743.00209598,1288610.8099065828
2022-07-04,1066156.4409538493,-33621.33442092824,4975706.878926577,1359818.5680643322
2022-07-05,1081345.9829752045,-29746.73709074933,4967621.047942,1375008.1100856874
2022-07-06,1060444.0431821826,-21956.17269190072,4965251.412173834,1354106.1702926655
2022-07-07,1069715.1202179042,-27921.48585340514,4213754.101262405,1363377.247328387
2022-07-08,1262682.4538767547,-265.3870511080895,4287551.203902878,1319276.4626619886
2022-07-11,1196784.5014707274,-40506.38927819678,4338647.329226711,1255769.840546051
2022-07-12,1171189.149302154,-38878.087814984174,4308986.985495064,1236975.1583821115
2022-07-13,1174977.3898592785,-38923.9935879684,4305802.864802778,1240765.0641602348
2022-07-14,1174939.594167418,-39726.20963262504,3620574.504204315,1241801.9105280444
2022-07-15,1404145.923379373,-17876.684073167722,3700729.931493453,1229090.16785769
2022-07-18,1119757.6859335704,-17040.441144075947,3677292.58028877,961496.6583603045
2022-07-19,1180382.837843587,-14842.62749182856,3706981.023830128,987606.6061197649
2022-07-20,1149855.5123962252,-14210.483945895296,3680393.344780728,979490.9036897155
2022-07-21,1119993.20509453,-17650.74149170216,3185142.4390959493,968492.8808669706
2022-07-22,1347650.2652878114,6479.168512928067,3269261.2001755545,962078.6805647245
2022-07-25,1020409.6473284494,7963.906185898457,3302423.0772275394,609664.0294352052
2022-07-26,1010434.9539688812,7147.069363350503,3288787.835250046,608369.565472421
2022-07-27,1029086.8874554584,10627.534555438571,3330566.08684522,609956.3475705797
2022-07-28,1031959.104385538,10652.009526347656,3306249.4001085605,610093.7990057559
2022-07-29,1251669.0246409357,36090.1257083336,3386763.1684939642,610429.8299883509
2022-08-01,752469.2191963218,35454.114106527166,3373540.753013408,131630.42446327064
2022-08-02,750833.6685674587,38533.5213299335,3356516.4144935,131630.42446327064
2022-08-03,761205.9153494189,37346.5031308177,3377378.1432700003,131630.42446327064
2022-08-04,761410.5747904453,42114.036801704526,3344879.877969778,131630.42446327064
2022-08-05,972854.012770171,67846.21440225077,3423056.639991657,131630.42446327064
2022-08-08,584369.1982335757,65532.92269598579,3410619.2203990617,131630.42446327064
2022-08-09,575268.893199132,66721.12409222529,3395691.145701923,131630.42446327064
2022-08-10,646565.4556377089,66663.32778778809,3428639.0153484093,131630.42446327064
2022-08-11,634382.4588236952,66710.79947449049,3410351.0829354855,131630.42446327064
2022-08-12,826576.9628641497,86065.87345994945,3479598.6983347265,131630.42446327064
2022-08-15,398771.7405318179,90852.54904949397,3472480.6483189664,131630.42446327064
2022-08-16,409435.73929867515,90274.5998339796,3477440.8688079743,131630.42446327064
2022-08-17,371942.74518435757,96484.26500798485,3442611.156659025,131630.42446327064
2022-08-18,376282.89481824846,92748.73400587506,3445336.2879093597,131630.42446327064
2022-08-19,544956.4698676548,105853.35530727703,3519530.8904540567,131630.42446327064
2022-08-22,201782.72195753193,104634.34312556154,3531872.436191317,131630.42446327064
2022-08-23,258928.5987040784,112478.74530277302,3547256.9437851342,131630.42446327064
2022-08-24,270099.445046796,115577.03468959793,3546711.404894604,131630.42446327064
2022-08-25,267346.0999731654,114902.53792657258,3541359.1593241254,131630.42446327064
2022-08-26,459934.1515938529,133861.59361103125,3605040.8454944887,131630.42446327064
2022-08-29,273428.12370491424,136918.62884796644,3606387.7977142907,131630.42446327064
2022-08-30,295288.3943944593,145650.3306091986,3592228.064245934,131630.42446327064
2022-08-31,451343.97316495876,157124.517034085,3557655.361919153,131630.42446327064
2022-09-01,456476.90958624484,152635.6096829588,3579047.6412005797,131630.42446327064
2022-09-02,652882.285036619,166235.07863465836,3662312.2730730074,355940.0237767565
2022-09-05,614065.2929349688,150597.62170517005,3687980.6196244075,368545.9430998343
2022-09-06,572937.2788121948,173771.03190406552,3677239.4920387054,357325.8542933296
2022-09-07,589371.1536676472,173613.1972326179,3654114.2654670887,356538.7452291081
2022-09-08,566175.8622237453,236129.16325600623,3596231.0873207347,341948.4894353291
2022-09-09,782711.2066660906,227286.43049262906,3713264.0757516595,566161.273813684
2022-09-12,623973.9194033362,121809.1131153255,3839317.090568796,551637.4605656016
2022-09-13,667148.6963400497,99012.79559627682,3816734.5516640344,571837.7417116056
2022-09-14,656057.8236638047,107837.37943297693,3823997.137470077,564017.5373900523
2022-09-15,703436.0387139827,67652.41447510042,3830789.678862306,602456.8136426865
2022-09-16,938469.1722496073,101774.5930626345,3911921.4856956787,838226.3328667175
2022-09-19,550945.673595042,149418.99958492097,4262828.728497203,825240.6864163138
2022-09-20,567239.8446976584,135552.89342951868,4279997.128353501,841875.0984336329
2022-09-21,600252.3638258855,88502.98387536185,4355312.25920243,874853.5432162915
2022-09-22,588079.8267386215,108839.59241914128,4329474.190702295,862796.9515890102
2022-09-23,835571.0290347078,140430.0270445553,4415501.720163312,1110502.9309400232
2022-09-26,207100.81020409812,389005.9911874919,5088365.78852942,1137313.1306112623
2022-09-27,199327.34814522564,400052.2913985952,5072213.02702194,1129539.6685523898
2022-09-28,222178.86338725965,374834.63629407436,5108842.244308895,1152391.183794424
2022-09-29,252174.10295932082,345870.09496408293,5077411.230760773,1182386.4233664852
2022-09-30,593111.6865669303,332383.5248136189,5216396.955324199,1523324.0069740945
2022-10-03,219841.65814924706,268365.7844771514,5748938.718539052,1150053.9785564113
2022-10-04,200103.50111902173,278476.0185885234,5716124.158791385,1130315.821526186
2022-10-05,192005.56860981765,286520.5799858915,5707189.763511645,1122217.889016982
2022-10-06,213326.3809915362,273393.73882072,5566319.927297888,1143538.7013987005
2022-10-07,519449.7403427086,303603.05053755245,5668257.494499013,1449662.0607498728
2022-10-10,121502.62365168764,293952.05671670963,6072280.090359373,1051714.9440588518
2022-10-11,105444.60897595511,314502.3763868698,6072935.470865805,1035656.9293831192
2022-10-12,93427.40767925183,322119.05700031295,6064358.6629959,1023639.7280864159
2022-10-13,81804.4103236885,308305.6869113241,6010378.207034965,1012016.7307308526
2022-10-14,346252.1235019773,388266.3437982779,6100117.478740683,1276464.4439091415
2022-10-17,151620.25102362904,249829.96375963738,6255424.283241499,1081832.5714307933
2022-10-18,160292.69016130906,246540.36011960008,6212852.833065999,1090505.0105684733
2022-10-19,115445.6721350621,254259.76673362017,6196035.891475933,1045657.9925422263
2022-10-20,53534.918135575324,274876.9588191243,5963146.647998386,983747.2385427395
2022-10-21,340320.24434723577,292271.28664817614,6062439.246585938,993408.0525641296
2022-10-24,211007.29919104138,214631.8791382971,6124605.065698423,874715.9603720468
2022-10-25,179702.7919324141,213311.56286651944,6091763.554580727,852940.9267804194
2022-10-26,165048.53153813252,216116.36152081893,6054615.413438214,847077.7899521837
2022-10-27,188447.17602178233,216221.62482321143,5714711.524445644,865667.2511760909
2022-10-28,404101.46711536223,243395.81660757237,5807670.61517317,837189.4341333141
2022-10-31,-48384.67803977855,240780.63077734027,5804655.473029091,404477.6381038135
2022-11-01,-47345.12958523304,241075.7788570462,5807533.941244157,404227.4294438515
2022-11-02,-57119.44971933155,248928.78718583597,5757994.556632889,412123.28831993777
2022-11-03,-121305.96303056402,236173.7902827722,5445910.423437163,370874.64538929885
2022-11-04,168961.05823286687,271210.95217365184,5525176.278844543,398625.9200714362
2022-11-07,-118202.60435107426,269323.3319990744,5482210.394650501,174346.96637812373
2022-11-08,-128848.08919226521,281193.9620975725,5442312.399586514,173177.77928087275
2022-11-09,-111538.62140537577,310450.247022316,5409697.516351757,186905.19262882252
2022-11-10,-15857.567547508268,306009.6096165335,4996644.320823012,224382.7480674282
2022-11-11,176849.26264472207,321506.0092933716,5049120.738699547,215497.8025533959
2022-11-14,124260.59340650002,345439.6876769794,5050466.354369595,170464.40248581272
2022-11-15,118109.23645536776,340392.86283179454,5050496.754071677,170464.40248581272
2022-11-16,121251.9309187776,360128.9327627694,5002235.791255972,170464.40248581272
2022-11-17,176328.9780248298,368499.8642467393,4403183.778211231,170464.40248581272
2022-11-18,395879.68514931714,440077.74979885784,4460800.108520841,401584.04087401775
2022-11-21,213413.44678842783,302541.9107410778,4635946.10779852,398417.1281235095
2022-11-22,230264.96740459197,257655.37839574335,4661661.33711331,409917.58311343036
2022-11-23,267210.2384599297,232583.77610035648,4667317.431397806,421123.24756975524
2022-11-24,253764.05765048982,230264.64657773214,4136814.766098004,418262.28506709327
2022-11-25,440696.05595795275,239226.08562187382,4234493.002493169,415263.9779233691
2022-11-28,437097.340750008,236219.33915235702,4236942.854360744,408864.50064134947
2022-11-29,424662.07615651184,236216.71266360817,4212815.44911935,407255.0636110156
2022-11-30,471651.33642223966,218309.57374953286,4248127.434461258,418248.0864592556
2022-12-01,438182.86833410885,213164.17832330766,4022627.6531264368,414020.08293795283
2022-12-02,655661.3980445787,248466.15919099448,4083770.231455664,412324.7388513801
2022-12-05,507679.95896370994,47517.27786178392,4316886.97395306,412474.0944071484
2022-12-06,505304.15078587254,60777.86849274987,4282302.014154644,408101.58295707934
2022-12-07,487038.4335571764,87880.2455019725,4256494.159467295,399289.1410255683
2022-12-08,501415.5485281433,90193.11018144566,3722279.0943168215,409479.1602883375
2022-12-09,693351.8279991334,163571.47146261437,3777617.513904008,613647.9358191104
2022-12-12,426154.7838401496,11661.07500677809,4008475.5540485387,590649.0637180435
2022-12-13,534261.3779388426,-36381.60451611168,4061441.0546710365,666391.5641671295
2022-12-14,517689.98546274204,-25536.465450576397,4014364.218707148,668936.9992541545
2022-12-15,492664.82302590774,-3211.747223664257,3730911.7166406983,631405.6181308792
2022-12-16,651097.149357496,19345.288586018345,3812234.9603291084,797019.2405682025
2022-12-19,596247.655999406,45552.43486440033,3796828.9542596694,751309.7490082845
2022-12-20,580068.0820784158,60340.16560965395,3773758.945316026,741060.6723430797
2022-12-21,585893.8959755397,38790.662088270816,3777633.0746337664,749770.253401839
2022-12-22,567932.9778718619,47209.872043211995,3634546.6543848882,731131.1848780861
2022-12-23,768038.6707947021,110441.4256072611,3713143.567271934,932013.2308828268
2022-12-26,565331.2921275,-80162.58153991558,3917682.0115554454,923504.8366013839
2022-12-27,553242.4602309514,-82251.65304614899,3885258.803562392,908968.9019559536
2022-12-28,538863.9800806531,-69731.33578041015,3867379.761230567,895093.547513963
2022-12-29,522923.0466509004,-61016.489705867534,3848664.67109979,878979.5549725246
2022-12-30,726798.300380813,-28408.347364321824,3915482.4551539053,1084334.4760892112
2023-01-02,499670.9938936652,-205232.49643373085,4104540.631631954,1058325.4231012561
2023-01-03,627034.2362707737,-187159.56734592206,4145879.243485747,1185688.6654783646
2023-01-04,650357.9149999,-188078.9170101656,4164955.9214665894,1209012.3442074908
2023-01-05,678193.1621285201,-220013.2747018405,3881829.0657271445,1236847.5913361108
2023-01-06,960460.1525381936,-366550.7058411177,4018882.6625333186,1519114.5817457843
2023-01-09,828590.2267514563,-445039.0439911168,4121700.527120586,1387244.655959047
2023-01-10,844336.2018395485,-430371.8828251478,4116339.3953829557,1402990.6310471392
2023-01-11,840842.8076265131,-422981.3606711406,4101406.594328932,1399497.2368341037
2023-01-12,840758.1592649607,-415700.2662310592,3836279.102544163,1399412.5884725514
2023-01-13,1074829.9611754876,-349309.74783278495,3924400.2275757473,1633484.3903830783
2023-01-16,822212.4331828951,-468602.81242319715,4160182.9308859184,1380866.8623904856
2023-01-17,844152.2474138325,-499766.4941225101,4177758.332001948,1402806.6766214229
2023-01-18,828204.9116354121,-486000.8212750349,4137622.2769743903,1386859.3408430025
2023-01-19,790926.9435143438,-437725.4202914434,3785159.975811115,1349581.3727219342
2023-01-20,1010649.1745662608,-361877.4597740241,3863154.2684229417,1569303.6037738512
2023-01-23,843816.7521116291,-526415.8003129656,4045682.4246783685,1402471.1813192195
2023-01-24,844977.1801531917,-515590.1305023891,4025993.2167194807,1403631.609360782
2023-01-25,857999.3724963125,-510363.6232826529,4033495.391035254,1416653.8017039027
2023-01-26,872604.567732452,-527821.3797639376,3620026.6019402384,1431258.9969400421
2023-01-27,1086811.898641222,-459277.85251585895,3681903.757980746,1645466.327848812
2023-01-30,746732.8402040409,-471193.6192654097,4013789.4709254396,1305387.269411631
2023-01-31,736644.1391398599,-450790.582022693,3996069.548582379,1295298.56834745
2023-02-01,731400.1078996357,-438801.12308394554,3983169.4374094377,1290054.5371072257
2023-02-02,743594.990788861,-433382.5715795294,3249888.184887966,1302249.419996451
2023-02-03,995063.4793750574,-390907.75915754645,3324741.674452696,1553717.9085826473
2023-02-06,541050.9969539206,-358907.78597286704,3808986.0913106194,1099705.4261615104
2023-02-07,538069.4735136199,-351474.24658297095,3792206.4348871065,1096723.9027212097
2023-02-08,530939.5777193772,-338909.12776885077,3788407.7262030314,1089594.006926967
2023-02-09,581099.1759938047,-423277.701544288,3190413.9070310113,1139753.6052013945
2023-02-10,845842.1184927496,-424433.3194422796,3290699.115332433,1148461.4716494088
2023-02-13,658583.123467741,-543228.4097379466,3435806.1474083425,974839.558138964
2023-02-14,639320.1922673974,-519617.4244582302,3410811.9639947983,961928.3369667594
2023-02-15,631439.7140827657,-505465.1142963321,3405688.4050725745,956029.603837833
2023-02-16,626497.4325953396,-502136.3529258184,3012117.2220210307,953980.7799707415
2023-02-17,873884.1982945418,-407935.6240266679,3091004.103637361,1202252.9587433706
2023-02-20,633676.5392606107,-607529.8314586309,3312608.815998471,974207.3793194568
2023-02-21,617771.8489391983,-592639.1347003769,3288813.1791611635,961809.5475700361
2023-02-22,568201.571428055,-563691.8404951262,3251539.2656169916,924758.4424414783
2023-02-23,582416.7106530208,-581039.9770855093,2634142.884279009,937695.4247256912
2023-02-24,798424.4962487286,-517772.36797305814,2716117.996731603,1156869.7483292962
2023-02-27,539586.8633866677,-709594.5329846559,2950261.940058477,910872.7526507485
2023-02-28,503898.55897266103,-700847.4354557589,2936042.389045809,881634.1719720381
2023-03-01,536832.261556212,-686565.548095786,2925300.4929099167,906168.5300339832
2023-03-02,501535.2735029078,-675795.7791352603,2199541.555896151,873480.5586219819
2023-03-03,688961.3820529691,-658403.5724548744,2290384.1415576115,1066549.0572596607
2023-03-06,648099.670494717,-703499.3124229311,2362286.9610080775,1021060.5039823711
2023-03-07,736944.7690709099,-797359.0451988706,2401053.7993959836,1106622.5510127768
2023-03-08,729622.8640486228,-786225.3490531321,2391064.4101029257,1099371.6997403374
2023-03-09,725667.6366892298,-776687.3557998326,1659088.065717124,1095367.3202298956
2023-03-10,1010293.2719107729,-763248.8400132695,1795863.0751049775,1380130.6507972702
2023-03-13,533406.1323709015,-770700.2417299693,2301995.2479791148,1384856.8215535863
2023-03-14,514821.0680157749,-747869.5667219595,2273728.220932789,1366271.7571984597
2023-03-15,513193.9702764827,-750812.775598689,2309394.833415845,1364644.6594591676
2023-03-16,515812.4862646467,-743739.493039273,1356349.6625051193,1367263.1754473317
2023-03-17,776248.8642826978,-678158.3400520905,1437408.9648195452,1627699.553465383
2023-03-20,338221.15178812697,-735296.0888464388,1859629.8528444367,1189671.8409708121
2023-03-21,323203.91672469664,-722335.7961196057,1842888.9727925973,1174654.6059073817
2023-03-22,310038.42297296406,-723036.8171258133,1848124.4597820484,1161489.112155649
2023-03-23,296668.4798149434,-691899.6279575619,1107990.711059397,1148119.1689976284
2023-03-24,565874.0335617141,-633970.6948837355,1194589.6981705932,1417324.7227443992
2023-03-27,166193.7983521936,-707552.3145751763,1546176.34817892,1017644.4875348788
2023-03-28,196854.38200540055,-731965.2446678925,1527030.6649107086,1048305.0711880857
2023-03-29,154332.62778730685,-695359.1295761451,1527287.3306293227,1005783.316969992
2023-03-30,146499.31686650135,-693481.5952979551,699203.3962370926,997950.0060491866
2023-03-31,353668.05296489317,-639772.4583715607,793533.1920160867,1205118.7421475784
2023-04-03,266896.699699235,-890805.2932315242,972984.6559056194,1118347.3888819201
2023-04-04,266561.90862022655,-883568.6810396595,955346.9450989786,1118012.5978029117
2023-04-05,290786.5896143186,-873978.9659511395,966952.6646406495,1142237.2787970037
2023-04-06,230387.64805513938,-867612.162711158,235675.995424062,1081838.3372378245
2023-04-07,501541.317668546,-812156.9463862164,325723.7680849957,1352992.0068512312
2023-04-10,377400.86750120093,-913370.9723166239,418665.97813841666,1228851.556683886
2023-04-11,387532.3295662936,-881582.8165943419,422872.8071902698,1238983.0187489789
2023-04-12,372509.78369866963,-885780.1035182056,418207.9581545836,1223960.4728813549
2023-04-13,373327.74293073243,-913227.9937507702,-262330.03598178737,1224778.4321134177
2023-04-14,553091.7730613004,-887925.4026726545,-184248.9206762743,1404542.4622439856
2023-04-17,459180.9959048964,-889019.9714769014,-156711.4252526288,1310631.6850875816
2023-04-18,438438.2711434115,-863348.7778607173,-167148.85061150472,1289888.9603260967
2023-04-19,467159.6136551092,-865007.1436007674,-209708.38733300133,1318610.3028377944
2023-04-20,457597.69974469976,-846044.5332930934,-1067064.1875758185,1309048.388927385
2023-04-21,687113.5277652141,-770249.7382760386,-975087.2017948604,1538564.2169478992
2023-04-24,309909.70601094916,-911414.104192457,-624944.0295710135,1161360.3951936343
2023-04-25,328168.5352220178,-904849.1784925861,-618645.1191418485,1179619.224404703
2023-04-26,319445.4880051703,-890020.7116744946,-629992.3563663424,1170896.1771878554
2023-04-27,331207.5852969482,-903728.1148266648,-1583592.5992987566,1182658.2744796332
2023-04-28,571479.406978118,-833694.5941767243,-1497746.8981998211,1422930.096160803
2023-05-01,126723.36369104637,-804707.9479543227,-1079520.8105188855,978174.0528737314
2023-05-02,168608.5307317372,-881949.268782941,-1049367.457312183,1020059.2199144221
2023-05-03,160387.90034720002,-875932.0295956611,-1059873.1489047464,1011838.589529885
2023-05-04,177939.46671832885,-895759.2149253088,-1786266.9456262132,1029390.1559010139
2023-05-05,472367.05800215073,-937835.2816800083,-1680665.5786753315,1323817.7471848358
2023-05-08,409492.9035495743,-1067811.7813269799,-1565386.8721542673,1260943.5927322593
2023-05-09,377355.72555359866,-1054390.3755576157,-1567683.980738927,1228806.4147362837
2023-05-10,404535.4071624424,-1065277.6166784423,-1585782.9884635506,1255986.0963451276
2023-05-11,437293.58022097574,-1020123.440817174,-2370991.757889442,1288744.269403661
2023-05-12,702737.1086553088,-1004081.6156988392,-2283281.2964764736,1299079.0531215572
2023-05-15,607812.9983597449,-1116394.8877001728,-2166508.6500740396,1199437.628556339
2023-05-16,604597.1871330979,-1097998.6623708422,-2148020.7447954984,1198399.3811416295
2023-05-17,613670.6366607628,-1089394.5892518105,-2174387.2062968737,1209027.0946660545
2023-05-18,609528.2779289931,-1060352.6580823446,-2916688.5749654835,1203864.255073167
2023-05-19,830555.537531683,-1007533.3620665951,-2840493.4626720115,1429975.785000617
2023-05-22,628639.4130242096,-1145746.6984652355,-2659161.4516301863,1234539.6724737636
2023-05-23,599971.3902635544,-1130654.9654024332,-2656564.230621283,1210331.8066754122
2023-05-24,586891.6862908083,-1133035.5525454818,-2666799.849491423,1199486.956130619
2023-05-25,611541.5093727356,-1113611.7217498429,-3535109.813949984,1218605.6329158484
2023-05-26,873028.3831350282,-1031969.5941310985,-3440805.5826922636,1479989.2312796356
2023-05-29,705692.3364376083,-1157697.6310077058,-3302140.9697463904,1320308.8850677996
2023-05-30,749599.9429503444,-1193912.2328242688,-3276275.069387641,1356018.6512936035
2023-05-31,798723.9194068231,-1293363.742562083,-3264122.459253785,1400257.518962359
2023-06-01,781087.0111200723,-1254551.5517625432,-4121948.880954738,1382866.9388089124
2023-06-02,1055281.780946087,-1242235.0678616615,-4023384.637467887,1661336.9693825378
2023-06-05,845079.0617214888,-1381549.955690277,-3843928.007424955,1455729.3841471674
2023-06-06,827289.908418285,-1369901.957908114,-3863926.778856786,1438664.2571825313
2023-06-07,820601.9926672338,-1375156.4440863885,-3864489.205085045,1433568.382012415
2023-06-08,815798.1430627286,-1366870.6128400033,-4290766.750668448,1439395.518611088
2023-06-09,1238202.410287761,-1364268.086482084,-4123350.5620316765,1561397.8537111573
2023-06-12,1163260.911752709,-1397931.566585611,-4110265.3619392044,1530584.3329537802
2023-06-13,1235124.045456317,-1392629.5470777745,-4055907.6704924735,1583217.5644347488
2023-06-14,1223623.2045712543,-1392209.3653124012,-4075001.3499105913,1576066.0259192323
2023-06-15,1227281.8415651156,-1392998.4916900038,-4126950.0715524442,1577673.5876520576
2023-06-16,1468176.3430973513,-1370095.452676988,-4058406.2103168387,1563513.3541130843
2023-06-19,1353274.2521415,-1361024.0485427892,-4044690.3629290992,1440493.030091306
2023-06-20,1365927.6267240348,-1353183.5997116624,-4054202.5662082653,1448758.534728935
2023-06-21,1380835.5651378508,-1349516.0875776128,-4051132.260260545,1461611.4979618494
2023-06-22,1311540.7053009644,-1354532.6249656598,-4432755.136493837,1417653.6706668825
2023-06-23,1644812.0734009012,-1341823.972273929,-4289789.193781871,1707864.0943041882
2023-06-26,1456182.2184330754,-1347102.5541012194,-4252603.890688918,1528259.4482457563
2023-06-27,1491507.2983437246,-1341208.4335524025,-4253302.241088793,1538043.6905658897
2023-06-28,1477704.935096275,-1340617.4963887231,-4253458.653054179,1533014.6147838659
2023-06-29,1446144.2538276012,-1341996.8354583432,-4623911.746137967,1510467.4853556065
2023-06-30,1667364.8782457416,-1310618.0482361445,-4549392.1636624625,1753457.685258805
2023-07-03,1490299.3240033435,-1298932.0851938494,-4567203.984001967,1606986.5570257052
2023-07-04,1510389.9294966096,-1310727.2702950444,-4569443.133090266,1618591.5507945244
2023-07-05,1459331.5393789907,-1311793.502452197,-4585017.746928075,1603281.8446647339
2023-07-06,1546322.608457409,-1294154.085877371,-4844392.739042348,1617887.3727400773
2023-07-07,1760167.904727959,-1280557.768847413,-4763369.004074365,1609449.5396204689
2023-07-10,1852901.540509607,-1259865.7188626956,-4732017.506512412,1640947.888718766
2023-07-11,1934822.420527462,-1246257.9826747985,-4672709.9753016,1669741.891709751
2023-07-12,2003653.2281506306,-1228901.999082927,-4559365.1162799485,1691950.779969199
2023-07-13,2015664.9609757997,-1226299.2961752694,-4512042.431431711,1696372.5819058006
2023-07-14,2278963.3022385654,-1194183.156903631,-4443499.022083311,1694837.9675595425
2023-07-17,2024261.9706584865,-1194004.255997248,-4451882.392632111,1691583.5785943228
2023-07-18,2013857.7270124713,-1193910.3933403494,-4471709.808586301,1689571.003734089
2023-07-19,2010165.5003465114,-1195478.818995423,-4468357.287988091,1688774.2262619138
2023-07-20,2010736.2415524938,-1195344.3095248453,-4458504.218851557,1690092.1300176417
2023-07-21,2272900.032373243,-1165069.1050666114,-4375505.585687984,1688258.1069269793
2023-07-24,1620467.4285027934,-1168381.7580798536,-4357373.680671177,1022057.5086661128
2023-07-25,1613015.9934797161,-1167692.1459795462,-4364672.715376023,1022202.520457084
2023-07-26,1609305.4143100227,-1162972.357264499,-4371175.860196963,1022022.1510801242
2023-07-27,1594230.9455649727,-1163372.712766579,-4370331.574891605,1021908.3635859595
2023-07-28,1854757.2205970797,-1129051.6029261989,-4290542.256913836,1022230.4002768148
2023-07-31,1291326.7515203827,-1135815.7127196493,-4268902.804571813,439977.78728289134
2023-08-01,1282936.8864051942,-1131364.7534483846,-4274871.424258553,439977.78728289134
2023-08-02,1274658.615277453,-1123590.9875961284,-4287197.62127282,439977.78728289134
2023-08-03,1279265.3399745326,-1125099.3764537608,-4277595.432539156,439977.78728289134
2023-08-04,1551409.1162273844,-1100712.2581239676,-4175762.251478005,439977.78728289134
2023-08-07,987717.996389124,-1098958.9974366613,-4170935.8653006894,439977.78728289134
2023-08-08,1034463.3773500274,-1085819.7339379028,-4195183.546868865,439977.78728289134
2023-08-09,1014673.4317096536,-1090441.593184698,-4193677.672639212,439977.78728289134
2023-08-10,1095993.7746926618,-1073101.9693497822,-4231153.128607079,439977.78728289134
2023-08-11,1405386.882185215,-1016621.8721131951,-4143683.5119306883,728025.5012504881
2023-08-14,1235343.420437422,-1135186.1273786137,-3988523.230215846,726579.9870547261
2023-08-15,1242389.0901676358,-1132111.0002765674,-4010255.2102338793,725763.2499972292
2023-08-16,1220490.56582071,-1105994.8005989764,-4049863.8569557606,713641.8565440242
2023-08-17,1176325.45611379,-1016474.3048470819,-4123091.0941995983,693823.6853240423
2023-08-18,1460090.9464678292,-967515.4999489635,-4026653.9369577765,978996.7430675072
2023-08-21,1060275.067454817,-1056413.633712033,-3704314.544879336,952032.6908937269
2023-08-22,1048064.1347244468,-1053415.5891467768,-3725734.5339541365,941793.1711286317
2023-08-23,1031257.5456084922,-1029070.2907340337,-3751798.343111664,929865.868366769
2023-08-24,1032126.0216788459,-1034938.2728426513,-3751143.458427394,927750.9942670028
2023-08-25,1290468.2929004629,-948937.3434469346,-3676040.005558205,1188681.8915158694
2023-08-28,895768.5385269633,-1071000.1705445517,-3358585.1198271727,1153046.2329058514
2023-08-29,891825.8853158492,-1080386.2670730874,-3361507.651792959,1149985.025486766
2023-08-30,877665.0273826503,-1072287.1342030806,-3384249.639366721,1135616.8869455461
2023-08-31,859242.2503908882,-1064712.8532725433,-3388522.792948126,1117410.43481276
2023-09-01,1102102.2243806208,-1024259.7394471061,-3303977.39671759,1360322.794129274
2023-09-04,753300.0566106099,-1208468.6479069,-3008277.755746003,1324812.9008458205
2023-09-05,724259.5628831827,-1204092.0986152084,-3034773.5459626643,1295772.4071183933
2023-09-06,679121.9017650485,-1200692.1176510698,-3071804.5165602695,1250634.7460002592
2023-09-07,644779.6841786846,-1209939.501971839,-3076638.9214166673,1216292.5284138953
2023-09-08,819455.3172738474,-1197576.45917281,-3019092.4736371464,1153882.819547761
2023-09-11,735261.3237140459,-1232354.7680928668,-3010542.0274279085,1076919.3739476125
2023-09-12,684230.4764899284,-1230172.5382762516,-3059233.911271782,1039603.6611173414
2023-09-13,664639.5941810939,-1227327.8808281098,-3093235.7740399293,1026465.9564837168
2023-09-14,626405.0935233568,-1232443.54750954,-3187500.2910794173,1010166.455974374
2023-09-15,840149.4036838142,-1246180.680198717,-3070544.567364444,1013271.6763296556
2023-09-18,832441.1613315755,-1220532.4523810165,-3061256.0267491704,995052.7433473079
2023-09-19,840389.0413663923,-1186859.055827851,-3094311.311658479,1003218.107870662
2023-09-20,851388.9858889861,-1181204.4248265987,-3108974.626484257,1017036.1136818344
2023-09-21,778687.1652296355,-1195604.8777270948,-3104280.490489676,967817.619169923
2023-09-22,948645.4548315457,-1176761.1774465996,-3030746.198735242,946876.0700747136
2023-09-25,824708.2663297894,-1173295.4928786347,-3042763.463121139,839782.0927080302
2023-09-26,819434.8236207119,-1175931.176250719,-3047601.7411886803,836748.8110591443
2023-09-27,991110.9506494359,-1142679.8012381482,-2995446.3578450913,884563.3588894135
2023-09-28,967067.6927894363,-1149643.2876174555,-3007903.849286366,876137.0837758014
2023-09-29,1168167.6056906604,-1124047.7654798676,-2935263.2525595273,876363.1974879386
2023-10-02,1031623.3997076544,-1122849.409525578,-2928996.8448185683,751601.2578509366
2023-10-03,1094972.899346146,-1110926.6295424898,-2903090.2788776904,751601.2578509366
2023-10-04,1145404.1869088155,-1109865.9473036868,-2888689.1457350077,751601.2578509366
2023-10-05,1105275.5215381645,-1080357.3084026303,-2904032.3773226235,751601.2578509366
2023-10-06,1316124.7738721215,-1053972.7969946982,-2837801.4203140405,982191.6658223198
2023-10-09,1508703.7593450784,-1055339.7013717997,-2799930.763530064,1015424.7643493607
2023-10-10,1517833.7918453203,-1044587.9289121735,-2797872.71780909,1014542.0624467304
2023-10-11,1499237.1194324568,-1032223.7657972742,-2817247.3684264678,1009654.7847835501
2023-10-12,1473450.5327122307,-1021395.3848062563,-3079891.9460942615,1003634.0166387353
2023-10-13,1722957.9954696246,-1013386.7599770342,-2970039.6542168604,1250522.6115944744
2023-10-16,1643072.429912147,-1017942.758290605,-2950783.4718683413,1226118.8844943037
2023-10-17,1642499.6140094942,-997634.500066313,-2963909.3458176022,1224721.8458068634
2023-10-18,1647683.1860747098,-995355.174806159,-2980047.56087948,1219692.85929387
2023-10-19,1636202.8310152295,-972496.8636761422,-3398120.763082655,1214234.96627448
2023-10-20,1879058.5310868311,-925969.9787707411,-3315693.5621867543,1454198.044239747
2023-10-23,1585760.554952282,-1079812.1103277113,-2962341.261604125,1486544.2034007767
2023-10-24,1576357.7675520799,-1068949.9184683259,-2968418.467337934,1477015.7418539454
2023-10-25,1562299.1706170824,-1047292.1529105912,-2985271.8659745003,1463243.277449519
2023-10-26,1548030.7202706004,-1026126.1925921974,-3610261.5217722524,1449093.439302789
2023-10-27,1770980.6452406333,-990832.0712268547,-3527665.6102402685,1672123.5641647198
2023-10-30,1213882.1076258533,-825353.8747182351,-3016148.3782727635,1642119.4411726228
2023-10-31,1200734.7689799832,-816436.0114291804,-3028535.5688293404,1628972.1025267527
2023-11-01,1180473.084810011,-785003.1953189626,-3051718.9396208767,1608710.4183567807
2023-11-02,1155085.1611817023,-746063.3330593946,-3755051.5210078117,1583322.494728472
2023-11-03,1347576.379327544,-707322.6210848221,-3694021.248248619,1775813.7128743138
2023-11-06,1038010.5802071844,-800055.0250072385,-3390947.282672071,1466247.9137539542
2023-11-07,1096955.1719638219,-837447.2418195291,-3376233.207868708,1525192.5055105917
2023-11-08,1103488.5174716306,-840161.3720497247,-3363604.717195237,1531725.8510184004
2023-11-09,1087396.719276401,-819240.89457524,-3885574.176381419,1515634.0528231708
2023-11-10,1326696.2667111699,-818632.5328340717,-3800859.762712571,1754933.6002579397
2023-11-13,929013.1441034211,-893804.5412234634,-3429558.2805689927,1357250.477650191
2023-11-14,913589.6297672132,-889434.1287049282,-3443821.359524569,1341826.963313983
2023-11-15,978319.4774656163,-915651.3736132339,-3419828.2049773345,1406556.811012386
2023-11-16,1103688.0295209624,-878078.922348881,-3680384.884691675,1531925.3630677322
2023-11-17,1331254.146597881,-883375.5957891617,-3585865.3327492536,1519399.490601204
2023-11-20,1363500.6713706602,-892245.6151859009,-3570288.014955892,1542592.1144941247
2023-11-21,1387700.0187127602,-890390.8645101013,-3567654.5998692033,1560708.5861021397
2023-11-22,1364306.419868057,-892778.9004180722,-3557696.697384823,1539049.6079026577
2023-11-23,1370831.976118973,-888394.9427230743,-3718932.974066466,1547482.282912683
2023-11-24,1584732.6602078946,-868867.9373757091,-3640054.7837190954,1510646.6451945559
2023-11-27,1397922.6992849372,-870005.1683428644,-3666431.3298118175,1343020.6654591612
2023-11-28,1386462.6790406678,-868553.6591012165,-3682006.2357570156,1339383.036679537
2023-11-29,1354246.682102744,-868258.9942708734,-3698597.209463243,1323215.2169234261
2023-11-30,1347308.9916552487,-864055.9269904573,-3954718.407426342,1321681.4588158997
2023-12-01,1697437.0562229557,-833126.5871892285,-3859194.1851257174,1384717.2636414838
2023-12-04,1652504.2895849515,-823861.283503864,-3796399.993284248,1296244.6113029963
2023-12-05,1626296.0066515307,-814591.5587068226,-3824741.745559081,1284079.8477094548
2023-12-06,1600834.37246997,-807060.7921613298,-3825661.504658794,1275240.9509737673
2023-12-07,1658083.3751830487,-823433.8020083915,-4094159.304418774,1289407.4478542944
2023-12-08,1888326.4445489133,-797020.6447229539,-4013786.5392649593,1283949.7008817263
2023-12-11,1751629.6613936883,-780829.4708752456,-4022965.8657325897,1198217.8304362067
2023-12-12,1735623.6130252904,-765023.3443997194,-4045970.09516861,1198217.8304362067
2023-12-13,1795968.748357816,-783609.44475674,-4071162.8734386247,1198217.8304362067
2023-12-14,2011859.4435770148,-786953.2167875364,-4008385.018232386,1198217.8304362067
2023-12-15,2332324.14512909,-748255.3155779644,-3813135.9502704735,1198217.8304362067
2023-12-18,1876420.6052997997,-750915.3423706443,-3817327.1818013545,1198217.8304362067
2023-12-19,1887147.3778838876,-751907.9385053599,-3802272.4114659876,1198217.8304362067
2023-12-20,1879289.9347340015,-751972.4393502179,-3809825.4730300093,1198217.8304362067
2023-12-21,1876521.8623053664,-752590.3048190662,-3822609.7165135,1198217.8304362067
2023-12-22,2120836.2496445547,-729221.0797457802,-3727500.933458446,1198217.8304362067
2023-12-25,1628529.2842591014,-728564.5365346365,-3723030.208112563,1198217.8304362067
2023-12-26,1620791.1520544875,-728465.4394689628,-3728461.6078042914,1198217.8304362067
2023-12-27,1608400.1326568827,-725786.6104414187,-3740846.913253991,1198217.8304362067
2023-12-28,1596755.621007101,-724813.8536968745,-3753683.2969743195,1198217.8304362067
2023-12-29,1849047.3592114933,-695285.3022382566,-3655687.951977696,1198217.8304362067
2024-01-01,1428552.5392471123,-690672.0729073605,-3668369.212501043,1198217.8304362067
2024-01-02,1454034.2140041841,-688262.8991162877,-3661403.612615137,1198217.8304362067
2024-01-03,1442904.236026585,-687478.0784545216,-3662312.9090947853,1198217.8304362067
2024-01-04,1422650.596636757,-685002.2949748775,-3675032.1579899737,1198217.8304362067
2024-01-05,1656374.2266350873,-651891.4195424286,-3584916.2872889177,1198217.8304362067
2024-01-08,1252990.108867059,-640153.1344343295,-3592254.6217075195,1198217.8304362067
2024-01-09,1237421.4770631536,-633310.0996511871,-3596076.4337364766,1198217.8304362067
2024-01-10,1186788.9053552789,-617755.892185614,-3610241.7954561077,1198217.8304362067
2024-01-11,1152813.0730230494,-622391.4429809278,-3609364.4531034357,1198217.8304362067
2024-01-12,1374404.2734392295,-593557.0381657656,-3519660.0545201264,1198217.8304362067
2024-01-15,1264312.6377478088,-554532.4561684151,-3549838.1535208253,1198217.8304362067
2024-01-16,1262360.593033363,-535896.4996880604,-3559066.7368433187,1198217.8304362067
2024-01-17,1264482.251536765,-526823.1343246616,-3567012.6865942883,1198217.8304362067
2024-01-18,1245782.5898828008,-497781.8392293892,-3611526.313217199,1198217.8304362067
2024-01-19,1445062.1527847194,-418719.3195773638,-3536246.6662160535,1423905.0650065856
2024-01-22,1188648.4409556983,-537941.0646568636,-3355652.4186846623,1407953.0527220191
2024-01-23,1180012.0582691727,-542814.6371987597,-3364574.008093881,1407239.8481957382
2024-01-24,1171264.0283811165,-548257.7585431549,-3373948.7203065096,1402313.0645158696
2024-01-25,1138168.2465813973,-577357.3153748538,-3376255.0895017884,1400907.1587205387
2024-01-26,1318816.2062687494,-547988.9153132163,-3288105.057243788,1397284.1013424413
2024-01-29,1213820.0374395845,-617076.5445107677,-3210254.109089548,1391009.0917839361
2024-01-30,1183474.5257247998,-612602.7083730635,-3233230.281486771,1383952.0739414592
2024-01-31,1191922.2810286672,-606129.2629059019,-3238365.566464255,1384054.9379177499
2024-02-01,1154183.3392832894,-607362.5618026814,-3242492.5733713894,1375485.0110554898
2024-02-02,1436329.9846588408,-562653.6296630594,-3168290.5701252935,1596545.5700225788
2024-02-05,1214239.0979133728,-736322.9682872525,-2968938.5723527395,1582623.6979396862
2024-02-06,1236039.894750845,-780753.89135846,-2962637.903398485,1602638.7307949476
2024-02-07,1209906.7548484213,-772329.4047221955,-2989682.9846178167,1587703.4054523876
2024-02-08,1205837.908496354,-767256.8116704321,-3002918.608453121,1582943.7776632872
2024-02-09,1383034.5372740836,-767975.8478563763,-2924648.606713937,1579292.7287798552
2024-02-12,1330193.0356081517,-813184.4221741222,-2906815.663327253,1579698.7909953033
2024-02-13,1434971.3671260446,-786126.1853484743,-2897739.9933772935,1631920.3266956215
2024-02-14,1458842.1522756326,-799385.8271426804,-2913963.802788712,1651333.6477776675
2024-02-15,1431046.4859225005,-802906.8333765715,-2938886.3140220027,1642170.546990164
2024-02-16,1590430.0239531372,-780072.5479938708,-2883934.3191492218,1636519.662174368
2024-02-19,1443272.7006734721,-785551.3973275671,-2886163.789007233,1507263.832568355
2024-02-20,1427875.3677908422,-783466.4870816995,-2910656.9216770036,1503465.8945989853
2024-02-21,1400907.4429406344,-786540.551417531,-2936786.982031003,1498490.1928634488
2024-02-22,1399405.7895679877,-779671.8102062583,-2957971.938061545,1495278.2365543046
2024-02-23,1538465.5796340187,-757861.0020128958,-2909208.3987530894,1654497.708075756
2024-02-27,1359022.1535489706,-851043.2697515746,-2834567.122754502,1619444.3802018259
2024-02-28,1389308.036710055,-842972.6357174689,-2849812.0515130362,1635790.03749395
2024-02-29,1377086.819144426,-838999.5399298519,-2860933.975039107,1628512.7662352845
2024-03-01,1580713.7060908335,-841350.0802559515,-2786724.432824544,1824965.5153948648
2024-03-04,1611147.1079302044,-823862.9755750848,-2780021.3031359892,1840440.7025293896
2024-03-05,1599988.9468461387,-816052.0503635396,-2784630.95057243,1834307.9663731568
2024-03-06,1580748.2530465527,-835697.6671019463,-2782499.8156157495,1833864.2860741506
2024-03-07,1618214.2047913268,-830129.7951047786,-2804706.5677133556,1834480.5653700046
2024-03-08,1790950.6260559806,-815429.4351429197,-2717166.5136953606,2013300.3073656156
2024-03-11,1701014.9404334982,-846217.035545116,-2700085.227255494,1983698.500196238
2024-03-12,1727547.5153336176,-843547.4121140185,-2685269.273306609,2001157.9196713117
2024-03-13,1700787.5440291106,-826153.9807534877,-2726180.259298984,1977393.0711954685
2024-03-14,1706149.205709758,-821435.2380531547,-2808444.627122353,1982992.778481579
2024-03-15,1904607.0289755445,-836604.9689933702,-2730128.446119844,2180693.013720539
2024-03-18,1633500.11957072,-909659.3210581337,-2494604.0149289845,2161333.430210635
2024-03-19,1632205.7625207114,-897202.7112257837,-2496391.457606266,2160039.0731606265
2024-03-20,1620247.5752072015,-894608.1429091749,-2512003.063300336,2148080.8858471164
2024-03-21,1601110.4285860693,-844317.008505456,-2841174.3356848042,2128943.739225984
2024-03-22,1791715.440469718,-853763.936536232,-2753468.5579460934,2319548.7511096327
2024-03-25,1562718.2805820347,-911558.4652341692,-2558461.265345997,2090551.5912219493
2024-03-26,1559887.6030337822,-904842.6955886312,-2572342.2242253846,2087720.9136736968
2024-03-27,1537132.9751402265,-885224.9683275213,-2576645.978492621,2064966.2857801411
2024-03-28,1537843.0683999546,-879732.0546473068,-3060074.1828098516,2065676.3790398692
2024-03-29,1714862.4129985506,-879159.8319605497,-2983404.9842000892,2242695.723638465
2024-04-01,1399138.6619164145,-832838.7599014037,-2570285.886867881,1926971.972556329
2024-04-02,1439635.265520264,-878441.6619872805,-2614851.2986665503,1967468.5761601785
2024-04-03,1457061.0239724885,-892350.9709173328,-2616078.6217458243,1984894.334612403
2024-04-04,1456757.5814195774,-890572.6747489986,-2973773.180907689,1984590.892059492
2024-04-05,1626005.2775018387,-844722.9017933343,-2897651.895667549,2153838.5881417533
2024-04-08,1402571.4095280077,-934381.8179651522,-2706120.7724377606,1930404.7201679223
2024-04-09,1405608.8954162297,-935513.6842374706,-2707817.6018587737,1933442.2060561443
2024-04-10,1397844.8299161915,-918883.3936998856,-2723903.3626711965,1925678.140556106
2024-04-11,1376957.9548442175,-923496.5727197893,-3039740.689326357,1904791.265484132
2024-04-12,1539295.4279302144,-902572.9402279875,-2956990.298765507,1885375.9205686604
2024-04-15,1428633.8868496243,-973698.0053031939,-2896061.6650856296,1780087.8052348075
2024-04-16,1476268.0733697813,-952772.1834160882,-2891707.744161975,1821153.2849558818
2024-04-17,1498517.2035086486,-929685.3905277242,-2905969.350428736,1838895.150311903
2024-04-18,1469807.8324056878,-872661.0787588799,-3232625.9287374173,1817957.9434387307
2024-04-19,1651661.3711886778,-855511.6996261458,-3152039.654393699,2000891.4988055055
2024-04-22,1518602.6697074273,-927778.3821257169,-3094762.487589279,1878325.2384568758
2024-04-23,1512341.0319935994,-929234.1724631287,-3098090.0549814953,1875059.0309630288
2024-04-24,1578013.6481902462,-915585.8741214009,-3118920.1774515947,1927945.4739803893
2024-04-25,1575250.0647885327,-917517.259876906,-3558255.4780223877,1927103.695249207
2024-04-26,1757135.736823824,-856495.9500602717,-3493124.4791492824,2107173.7687177504
2024-04-29,1619157.7949510273,-925188.1145507956,-3390331.5823371615,1976569.8141347857
2024-04-30,1642895.387404813,-951708.4940784986,-3388373.3139820425,1995261.2850796585
2024-05-01,1635215.338730219,-958908.4262950608,-3394774.43878857,1988977.5008551895
2024-05-02,1630293.4012602903,-943177.8005150567,-3716059.917728649,1985258.8238512839
2024-05-03,1819310.3562347386,-964662.9420724196,-3630642.883361531,1998922.9121623782
2024-05-06,1740026.6770467057,-1012996.5099102381,-3593486.4708125372,1937577.9896933355
2024-05-07,1739277.899248773,-1079946.1304675718,-3605563.768859899,1935740.770977976
2024-05-08,1729167.509464814,-1000111.597401183,-3599838.5389060453,1926787.1057039304
2024-05-09,1719598.9822686403,-1003829.8043020087,-3917611.5417450448,1922642.7513918278
2024-05-10,1881368.2278729524,-992462.0682016374,-3852957.9146571145,1915698.3164037329
2024-05-13,1768921.856655632,-1068397.779063955,-3786517.434165636,1893986.1351968138
2024-05-14,1757993.6234849098,-1065999.1733008656,-3803242.4993749238,1892012.3543414148
2024-05-15,1799145.798147824,-1062312.8606015956,-3804582.4655510783,1916914.801955841
2024-05-16,1768210.7334446015,-1067386.5886240206,-4131088.2977934815,1906180.8309960058
2024-05-17,1924641.6441228124,-1050690.8345638416,-4082099.462963568,1903878.7317280017
2024-05-20,1777786.310644812,-1065001.3930198366,-4135320.917408008,1795015.8006746043
2024-05-21,1764581.3817438562,-1053001.4446645852,-4135608.0779081294,1782288.3739940717
2024-05-22,1751027.516485519,-1052890.7064474388,-4149688.059722652,1782062.468911199
2024-05-23,1756484.9868714784,-1053224.4737029783,-4281376.825855328,1782600.7711587802
2024-05-24,1938475.713552167,-1029352.3919111945,-4175523.9097282183,1782682.8065980817
2024-05-27,1573294.9060169377,-1029663.556357666,-4114509.337924796,1386307.410767775
2024-05-28,1564576.2305946464,-1030091.169253746,-4139926.5284422967,1386307.410767775
2024-05-29,1559766.2062010826,-1029889.9550619486,-4153795.5030584647,1386307.410767775
2024-05-30,1557224.7712342916,-1030325.8523587385,-4173005.943811328,1386307.410767775
2024-05-31,1719333.5837210573,-1010889.4297431813,-4109075.6837721267,1386307.410767775
2024-06-03,1398856.3110021714,-1009771.5889732909,-4111471.743718773,1386307.410767775
2024-06-04,1451400.051221532,-1010823.9507562047,-4074808.0624940973,1386307.410767775
2024-06-05,1444353.7259758266,-1009546.9360165503,-4084602.9817232,1386307.410767775
2024-06-06,1433334.1216300286,-1007805.2106023951,-4148117.243886725,1386307.410767775
2024-06-07,1635317.760240418,-999543.8422389779,-4070934.417024463,1555913.9179251061
2024-06-10,1518439.6648567067,-1032212.0248180121,-3971804.0972325844,1585263.103342904
2024-06-11,1534835.8217368517,-1034028.3756615442,-3942193.101592453,1591088.1506617076
2024-06-12,1537465.8467794587,-1036798.0205091452,-3944171.361340854,1591190.6027673816
2024-06-13,1548973.5957218145,-1040369.6052554296,-3919281.5886990903,1594534.7441648592
2024-06-14,1738477.1581623075,-1018397.0176791927,-3845855.56389065,1595803.335804486
2024-06-17,1514633.8685497623,-1008760.2796318626,-3860035.2151843887,1586233.3430529833
2024-06-18,1552979.9590583218,-1015283.8147013506,-3842283.218889234,1594668.0736633413
2024-06-19,1550114.3139748422,-1013480.5606993784,-3862240.636530452,1592983.5995654122
2024-06-20,1543944.0551996655,-1016794.7693585838,-3861155.542413176,1592688.5399189666
2024-06-21,1715503.5023870338,-992649.3235615591,-3798114.961126323,1592367.4500303096
2024-06-24,1492509.1430646726,-999779.6981611385,-3813011.644653417,1589144.9020552973
2024-06-25,1527521.5362328277,-986862.1000259105,-3829356.5440319153,1589808.1418213376
2024-06-26,1528431.0044850952,-983155.7595420269,-3836130.285206847,1589603.9222914765
2024-06-27,1509886.9114272965,-987095.5912725424,-3837378.716839274,1588075.1522998535
2024-06-28,1672651.454997161,-958385.8123649226,-3806853.3068701285,1752083.8990894484
2024-07-01,1561096.7094122984,-1006825.0511335944,-3766867.3339099633,1730527.285613764
2024-07-02,1553994.7598523924,-1006167.8520348676,-3781482.128523382,1730910.562904041
2024-07-03,1587143.0717131407,-1018991.73279208,-3763261.3176129567,1746070.4838353912
2024-07-04,1594168.5804318173,-1018946.2807909023,-3776648.4497683425,1747206.2917610544
2024-07-05,1733193.5467585041,-992921.3970802482,-3722188.324469422,1901239.1100604697
2024-07-08,1607661.1199917584,-967201.2557960466,-3748003.214677853,1790061.0548987952
2024-07-09,1608193.742408707,-966163.4373433421,-3755384.024928875,1785580.3397266704
2024-07-10,1759242.4693510253,-1044430.1924341288,-3710089.7956213425,1866674.4842558966
2024-07-11,1772596.3242677017,-1057460.5360820466,-3691412.90654847,1879527.5081257208
2024-07-12,1957884.1444402132,-1070376.0038925693,-3613171.243176136,2064298.5952061224
2024-07-15,1624183.4483666203,-1078776.8251762965,-3245336.8531638673,2074179.260582042
2024-07-16,1621669.9351844103,-1075481.7865341778,-3270161.4886343176,2071921.6225258266
2024-07-17,1620134.801194447,-1074250.3764791826,-3261406.235874074,2070184.2959370646
2024-07-18,1614173.8526232494,-1067570.0969276805,-3300951.3886889704,2064667.2309963214
2024-07-19,1829343.8428790488,-1071869.011423763,-3158613.715768411,2280204.789906174
2024-07-22,1224378.874432942,-798504.8876930088,-2520869.272799131,2289380.9407198853
2024-07-23,1231359.1311397825,-802356.2657602093,-2492561.715404339,2296361.1974267256
2024-07-24,1231645.7938319317,-801921.5964346596,-2487942.997451611,2296647.860118875
2024-07-25,1242785.0123571926,-815545.9095915136,-2634410.2996183317,2307787.078644136
2024-07-26,1471351.5584853338,-785682.759441183,-2557774.9767565522,2536353.624772277
2024-07-29,998153.1205064587,-612662.0273873339,-2101255.760583481,2063155.186793402
2024-07-30,1012011.4621939092,-615146.1705609246,-2112560.963216469,2077013.5284808525
2024-07-31,995084.629813522,-610016.0402129882,-2139598.136303337,2060086.6961004653
2024-08-01,978404.7488192776,-604278.72138198,-2235256.458929779,2043406.815106221
2024-08-02,1299714.7631683764,-612374.2032782875,-2119907.3642642386,2364716.82945532
2024-08-05,828580.2318101788,-358156.77227309754,-1412500.6258009148,1893582.2980971222
2024-08-06,838147.6534082985,-385019.9806629518,-1431016.9949040294,1903149.719695242
2024-08-07,901468.6673610806,-428388.34370757494,-1456007.3621273008,1966470.733648024
2024-08-08,942694.8733465337,-434338.8959994277,-1602113.6394863175,2007696.939633477
2024-08-09,1108110.1797116955,-384794.6033133742,-1529186.2657117024,1921803.7074856705
2024-08-12,923837.7904623069,-458709.7518221963,-1453839.3025594014,1757439.701811148
2024-08-13,911873.7147416435,-457947.93763384724,-1469195.9795906316,1750158.6287210463
2024-08-14,883741.9731021518,-456466.47645064985,-1490623.752236891,1730012.4739378437
2024-08-15,793373.0579240746,-475747.2970037584,-1648899.198632298,1653804.3176364626
2024-08-16,1005393.9218920748,-454673.5596982213,-1579659.007286899,1650802.9230615548
2024-08-19,845108.8913063302,-455419.6986187182,-1579824.0622495955,1472192.0578836063
2024-08-20,830804.4118557356,-456081.16102095175,-1598002.13792208,1467122.2783620933
2024-08-21,816256.2572691233,-455500.6580345769,-1614669.7318360698,1462967.1427662908
2024-08-22,787817.121520262,-455100.1135689484,-1900822.3718877258,1452259.392090182
2024-08-23,1033980.9689656671,-434813.36641922937,-1799772.0888105556,1459052.321222723
2024-08-26,798932.3466695391,-426143.9985980342,-1802874.6835263055,1244045.7602993553
2024-08-27,839016.711420273,-429539.66764737794,-1787439.8327154296,1250207.4043677489
2024-08-28,825841.4008420849,-427479.431797313,-1791125.909305079,1248553.0935743987
2024-08-29,834277.669451213,-427185.11473394535,-2015387.3490085388,1249684.2932887436
2024-08-30,1047624.9859548142,-403313.61602140794,-1925848.087939577,1246869.6188007393
2024-09-02,790459.3850992513,-399433.6170312426,-1940915.8250629816,1035000.7517473453
2024-09-03,809119.665971834,-389011.82711390837,-1935516.4476034385,1035000.7517473453
2024-09-04,799497.0094591187,-390774.7014842453,-1945662.2279435925,1035000.7517473453
2024-09-05,741978.0909951056,-385155.5247996394,-2135273.5108996728,1035000.7517473453
2024-09-06,990152.0882269146,-337667.8859860436,-2073841.995758276,1264898.546600686
2024-09-09,850843.6627901276,-472824.1059587612,-1933063.7467761207,1265775.8110302438
2024-09-10,844009.1314479489,-466289.5042388558,-1927047.0755862477,1264205.9601216128
2024-09-11,820785.8327511433,-427601.09729437256,-1929844.7875964844,1258458.8566224633
2024-09-12,825164.1004946767,-473075.6207265863,-2340934.061239146,1262573.7862599257
2024-09-13,1063856.9022906579,-473816.1844971979,-2236840.3921915623,1500205.0731333091
2024-09-16,999612.85446351,-491398.35540601256,-2215129.8374317912,1490812.7775758167
2024-09-17,980615.8702737793,-485087.4665011526,-2226854.2757293438,1482085.3394717656
2024-09-18,946733.9954639256,-479464.2207671158,-2250807.6245694873,1466913.5642529686
2024-09-19,911912.107795002,-498404.89258520084,-2632119.3308239477,1467568.5822293707
2024-09-20,1078912.1782232383,-484870.77459509135,-2558274.7410137337,1453869.686266717
2024-09-23,1026932.972914974,-480457.9605261165,-2567955.1744442014,1446975.9215358146
2024-09-24,1030042.231932894,-480657.440634712,-2579660.413360496,1448496.805663475
2024-09-25,1115387.5177676333,-453939.11869010585,-2570833.659756138,1472739.971313482
2024-09-26,1071026.5632786064,-458680.51887931227,-2890700.727732633,1460538.9633594614
2024-09-27,1279379.7189268454,-440953.211569932,-2799505.9843957233,1462658.371639948
2024-09-30,1200230.5471967394,-462558.32132887794,-2791757.4536690423,1439242.2927494326
2024-10-01,1182242.9974674815,-459380.14709061786,-2796524.1385386656,1429351.9885131822
2024-10-02,1218993.5672630556,-460467.023955385,-2780848.0838398,1448588.1079240758
2024-10-03,1195295.4711422492,-462954.5014792777,-3045026.642596238,1437320.5497286732
2024-10-04,1420144.2080491611,-443482.97652039403,-2959610.7394038215,1430051.5467417215
2024-10-07,1151532.4317843285,-442663.03929852264,-3001235.8022643845,1206587.292023924
2024-10-08,1149661.9770289962,-430509.47483895597,-3020757.4754400025,1206629.9907579033
2024-10-09,1137416.1997224197,-422523.4382138413,-3042015.307083125,1201606.0234841458
2024-10-10,1108905.7575879185,-433423.2844812089,-3053052.686676716,1192706.930284326
2024-10-11,1323131.4815488898,-411069.6617417966,-2976981.202297481,1194645.3892466277
2024-10-14,1290707.7243404754,-384453.3384815608,-2995139.345418717,1158982.4206155343
2024-10-15,1271176.5313401541,-378920.60635219037,-3022345.7555999025,1158982.4206155343
2024-10-16,1295822.5151744168,-357303.45153116604,-3053871.1980169374,1158982.4206155343
2024-10-17,1273362.880778162,-344196.90782468376,-3053427.639201212,1158982.4206155343
2024-10-18,1484296.0291472706,-285450.5912119214,-3001644.179039122,1375929.102242277
2024-10-21,1327004.94773043,-397712.3333094606,-2888380.3760621618,1371037.6072400203
2024-10-22,1312846.5480985562,-409388.80889656115,-2883405.3820870537,1367280.654261289
2024-10-23,1341380.6718359208,-399316.9249622604,-2876654.571864817,1371429.0991986806
2024-10-24,1320510.5976155915,-389503.55474645563,-2908570.9791395413,1365035.4061965758
2024-10-25,1515371.00355969,-340340.4467338183,-2851313.9501679973,1575568.0161088626
2024-10-28,1337944.73915293,-461831.5938390718,-2717810.9354529306,1563032.9435186854
2024-10-29,1327972.2178209757,-460177.4949337016,-2726201.6356341573,1558069.3400311107
2024-10-30,1350124.9784273787,-454830.74479104974,-2747357.5348055656,1561504.0252131107
2024-10-31,1363757.5194746286,-463426.8721256776,-2750913.464980831,1575665.070561079
2024-11-01,1568964.7052062415,-408805.1882226434,-2705011.426687538,1784496.2207783544
2024-11-04,1277536.7423620604,-524776.5653987639,-2448580.6741803233,1766821.6759963222
2024-11-05,1280377.1391779878,-542184.2329424303,-2446596.5667309817,1764967.8812879988
2024-11-06,1263506.7209710013,-549791.2615655767,-2478158.361358599,1752146.5608224887
2024-11-07,1368983.6231519964,-597154.2329271997,-2352571.1487537925,1859444.2767492286
2024-11-08,1540223.3780713566,-575357.8128457142,-2301548.4095661156,1837783.1686817082
2024-11-11,1474416.6964887122,-631643.157607956,-2259954.56357962,1826254.7824008616
2024-11-12,1448961.952776508,-634036.8694212829,-2295389.921327517,1808033.3017305417
2024-11-13,1423193.8720683719,-638002.993140788,-2346513.8423691997,1789948.6755069783
2024-11-14,1413579.298051102,-639369.0187109611,-2360940.7586056627,1786440.133954051
2024-11-15,1627500.5501347706,-617564.1410006154,-2248326.0522139156,1799032.8322343149
2024-11-18,1388132.3861816865,-618798.2705517402,-2265271.6406257967,1568860.4614081252
2024-11-19,1397163.1061304195,-620019.0020868061,-2266978.8443649695,1569033.7856255204
2024-11-20,1383894.566143873,-619392.2182474487,-2292358.2085025255,1566769.6479692431
2024-11-21,1399837.57653996,-619258.7051693731,-2247673.032669442,1571155.806582784
2024-11-22,1608318.6950930012,-601955.7597041467,-2151668.729199668,1572058.4486281888
2024-11-25,1396608.978847312,-595479.339560613,-2171113.768596321,1354732.5758326098
2024-11-26,1384985.7028376234,-583716.6481516015,-2199847.1556398976,1355096.0311218454
2024-11-27,1379474.333519412,-583732.9187210242,-2204629.286096083,1355268.2026196914
2024-11-28,1375069.234212768,-582989.0084909463,-2207435.1893729395,1355254.9619249252
2024-11-29,1554673.0643404664,-563092.8769827448,-2141966.549328451,1355832.7420685047
2024-12-02,1186606.7395486447,-559501.4051160228,-2145294.336756682,1011264.322227608
2024-12-03,1174906.6933089166,-559435.7994420375,-2171552.1125668567,1011264.322227608
2024-12-04,1156290.3784624771,-556608.3721244328,-2187464.6655937326,1011264.322227608
2024-12-05,1152512.0129268314,-550843.8996888564,-2223489.9281664267,1011264.322227608
2024-12-06,1378599.2621476245,-530274.9979642925,-2132908.6247751876,1195039.8388834752
2024-12-09,1322397.1985806944,-526101.2552281738,-2133212.2554753395,1195922.8829080653
2024-12-10,1303659.418520635,-519405.31852118665,-2167914.7786762407,1192672.6919238428
2024-12-11,1302644.9781660468,-517701.93192955287,-2167835.867521489,1191714.624477807
2024-12-12,1287419.850034988,-521497.0113036496,-2174502.119738265,1187120.456408545
2024-12-13,1416668.2593436667,-502087.2098424388,-2109908.8392049614,1360691.22208656
2024-12-16,1357538.168988466,-514588.87890018633,-2103815.6969941175,1352321.4270165737
2024-12-17,1332937.82818477,-495704.7158102841,-2157383.326907901,1336200.524231503
2024-12-18,1320327.4559537775,-496926.27643410576,-2144961.996479929,1328448.9857231122
2024-12-19,1312110.2831912062,-467010.1718195837,-2274312.8439538446,1317957.7064792078
2024-12-20,1491573.7127517764,-454065.7406600855,-2179615.987396574,1500169.9340987809
2024-12-23,1174331.8333970308,-520585.12340827874,-1917955.8503144386,1459310.1020678417
2024-12-24,1189411.786874325,-530200.7146751486,-1901150.7762489712,1472775.340873624
2024-12-25,1175397.4826919981,-522028.3119046138,-1934373.647338943,1466024.3418036345
2024-12-26,1230438.7922624503,-527407.0403984837,-2029304.8806730537,1509779.2139391426
2024-12-27,1410558.3975013716,-507004.7730689361,-1954290.7640810816,1691313.859081661
2024-12-30,1310230.780423356,-618612.6069993677,-1856786.3720864458,1688927.206993402
2024-12-31,1301508.6650458057,-621602.4859907426,-1868529.6270748808,1680205.0916158517
